epoch,train_loss,val_loss,train_loss_smooth,val_loss_smooth
1,0.4304939391877916,0.24803662598133086,0.2505455634405216,0.15308310209512715
2,0.15427740449706714,0.08176331907510757,0.23501918029089772,0.1449270339608193
3,0.06083382482330004,0.05054983094334602,0.2194657987604539,0.13674587461948398
4,0.047606062723530664,0.04881472870707512,0.20388428894115823,0.12853336030840873
5,0.04664345160126686,0.0485441555082798,0.1882740009814501,0.12029602270722388
6,0.046271061698595684,0.048054682463407515,0.17263280357552904,0.11203258385062217
7,0.04591683804988861,0.04784990966320038,0.15695816851887445,0.10373124326467514
8,0.04549493810368909,0.04735850840806961,0.1412497499654691,0.0953972972393036
9,0.04506555731097857,0.04686662182211876,0.12550723387267854,0.0870293563604355
10,0.04458314730061425,0.04646269828081131,0.10972773441871007,0.07862574607133868
11,0.04407355695962906,0.0460381618142128,0.09391256819301182,0.07019429570436478
12,0.043520276563035115,0.04545358881354332,0.07805999937123724,0.061723679858446116
13,0.04293175694015291,0.0448452091217041,0.062173166986637655,0.05322959677577018
14,0.04233436044719484,0.04413492262363434,0.04625138734579087,0.0446920592546463
15,0.04165940092669593,0.043507642447948455,0.04134555902183057,0.04277690435051918
16,0.04095619370539983,0.042723768204450605,0.04014805497692692,0.04208346741199494
17,0.04023674019508892,0.04210318595170975,0.03944958916836315,0.041431249761581426
18,0.039464004039764404,0.04145065456628799,0.03876526858111223,0.0407663319259882
19,0.03862806277142631,0.040503111332654954,0.0380738581571314,0.040105348503589634
20,0.037783475352658163,0.03968797534704208,0.037375710654921,0.03942944355905056
21,0.03693103686802917,0.038838104009628296,0.03667321962681082,0.038756895905733106
22,0.03600645283857981,0.03794636875391007,0.035973577050367994,0.03808663727641105
23,0.035114783545335135,0.037250366806983945,0.03527757072183821,0.037421901187300675
24,0.03417971864342689,0.036271229833364484,0.03458465660479334,0.03675944098830223
25,0.03332312957280212,0.035684548914432526,0.033899233736925646,0.03610146357119083
26,0.032449448166622055,0.03459818795323372,0.03322412859234545,0.03545686002373696
27,0.031631696398059524,0.03388444647192955,0.03255822587344382,0.03483183356821538
28,0.030896223700708814,0.03321390748023987,0.03190705256627666,0.034208318227529524
29,0.030144417509436607,0.03250928744673729,0.031267600770956944,0.03360163160860538
30,0.029535436919993826,0.031921209618449214,0.03064094965375132,0.033003618949651724
31,0.028985801099075212,0.031530096903443335,0.03002856967068381,0.03241459904313088
32,0.028463150494628484,0.030952286049723624,0.029435578971604506,0.03185089987814427
33,0.027932662400934432,0.030544817075133325,0.028859990769790282,0.03130101641118527
34,0.02757449289990796,0.03011015608906746,0.02830198308279117,0.030768801036477087
35,0.027182989087369706,0.029844296053051948,0.027765985722177557,0.03026029087603092
36,0.026750704033507242,0.02947665683925152,0.027250251747998926,0.02975286715328693
37,0.026384704866343076,0.0290041533857584,0.02675503625786967,0.02927373872995376
38,0.02605412832564778,0.028730120435357095,0.026277217864162396,0.028801812788844108
39,0.025686792474653986,0.02850926123559475,0.025819099704590114,0.028350538167357442
40,0.02538006824751695,0.027919758930802344,0.025377973175876672,0.027914175301790238
41,0.024969898822406928,0.027556602731347083,0.02495186406589217,0.027490904742479328
42,0.024570462264948422,0.02715286947786808,0.02453995226108366,0.02707889098823071
43,0.02415450446307659,0.026725156903266906,0.02413913445969423,0.026676484709978104
44,0.023803295294443767,0.02641063220798969,0.023746091496613296,0.026285709384083752
45,0.023393770307302476,0.025940888673067094,0.023366339236829025,0.025898199751973154
46,0.022980844693051443,0.025532719641923905,0.022995616360505428,0.02551350626051426
47,0.022606518823239538,0.02523361474275589,0.022629030592905153,0.025137072885036475
48,0.022221434190869332,0.024564773738384248,0.022270784214801262,0.02476380252540112
49,0.021799331390195423,0.024293019250035287,0.02192075510223707,0.024400298583507538
50,0.021377669730120234,0.023886400386691094,0.021580484892096786,0.02404678295254707
51,0.02099649417731497,0.023316322416067122,0.021245424419144787,0.023695841857790945
52,0.020603533180223572,0.022975374832749366,0.020919832667873964,0.023349570661783222
53,0.020243495951096216,0.02263214349746704,0.02060262409200271,0.023024974051117898
54,0.019846622389223842,0.022208943590521814,0.020298884966472783,0.0227097587376833
55,0.01951499188525809,0.02186105266213417,0.020008823309342064,0.02240765184760094
56,0.01915972702205181,0.021760713756084443,0.01973440841121806,0.022119756367802623
57,0.018969344000021617,0.021264545246958734,0.01947104900578658,0.02184617021977902
58,0.018664590492844583,0.020927479788661003,0.019222471880416078,0.021586948242783552
59,0.018409848709901176,0.02069932170212269,0.018989950460692247,0.021343573218584065
60,0.018226829634772408,0.020512537062168122,0.01877027264742388,0.021111836612224585
61,0.01799997621940242,0.02038905829191208,0.018564610923247203,0.020909485152363776
62,0.017877949612836043,0.02016626261174679,0.01837695763533314,0.0207123278260231
63,0.017677616501847904,0.019956593066453934,0.01820621787019902,0.020531064695119856
64,0.017546998692883387,0.019852481335401535,0.01804985061031249,0.02037315202653408
65,0.01744985385073556,0.019804843664169312,0.017909364625894365,0.020227604603767393
66,0.017376420684158803,0.019676219895482062,0.017781571370114886,0.020096233573555944
67,0.017318920836680466,0.019600197225809097,0.017670637187692857,0.01998059613108635
68,0.01729413200997644,0.019527769908308984,0.017572483530309466,0.019880438801646232
69,0.017219310158656704,0.01957097850739956,0.017489142437279222,0.019781881090998647
70,0.017179342173039912,0.01946033924818039,0.017411927111281287,0.019703094229102134
71,0.017167809199955728,0.01944834403693676,0.017347461476756466,0.019637695109844207
72,0.017114573491530286,0.019440199583768844,0.01729459335505962,0.019584834972023964
73,0.017079891086452536,0.019505987241864205,0.017247859436108,0.019538278722763057
74,0.017107999192343817,0.019364086091518403,0.017211999878784023,0.019495336765050886
75,0.017109175601767168,0.019354822114109993,0.01718032189011574,0.01946137706339359
76,0.017087312680151727,0.019368505701422692,0.017155896575583352,0.019436319664120672
77,0.01709138356977039,0.01933668926358223,0.017136911413404676,0.01941318227648735
78,0.01704866455660926,0.019347867742180825,0.017121868005726074,0.01939363496303558
79,0.017073267828673123,0.01931800752878189,0.017108160682519278,0.019379319193959233
80,0.017061150450673367,0.019357119426131247,0.017095756944517294,0.019369919770956038
81,0.017076199696295792,0.019296770989894865,0.017085830782188307,0.019361040315032003
82,0.017038960850073233,0.01929487369954586,0.017077998284664414,0.0193540484726429
83,0.017052949629724024,0.019292501807212828,0.017072975416315927,0.01934936538040638
84,0.017088145667480098,0.019377818256616594,0.017069019890824953,0.019341402482986454
85,0.017058481660981974,0.01934863083064556,0.017064499562068118,0.019339099842309953
86,0.017103487286302777,0.01931550934910774,0.017062466861721543,0.01932854899764061
87,0.01708599989612897,0.019317270070314408,0.01705870477615131,0.019325033730268483
88,0.017066983638538254,0.019330158084630965,0.01705583600045906,0.0193219507843256
89,0.0170723696384165,0.019274046644568443,0.01705466730636027,0.019317747077345848
90,0.017073768658770454,0.01931616082787514,0.017052059579806197,0.019314527863264083
91,0.01703373760398891,0.019318325668573378,0.017051268959293764,0.019310882267355913
92,0.017008827386630905,0.01936521165072918,0.01705152661171224,0.019310858759284018
93,0.017045977951751817,0.01930578351020813,0.01704960838490062,0.01930918807387352
94,0.017023497720559437,0.01939618244767189,0.017048588840166724,0.019306757676601408
95,0.0170537704643276,0.019343261942267417,0.017047646569212274,0.01930674896836281
96,0.01706892106268141,0.019249271601438522,0.01704772250437074,0.019305476811528204
97,0.017001565272609393,0.019382633566856385,0.017044869436489207,0.019299188283085824
98,0.017029073577788142,0.019242216125130652,0.017045309055844938,0.01929527921676636
99,0.01701394705308808,0.019276204407215117,0.017042427705725033,0.019292280450463297
100,0.017037456209460896,0.019277748465538026,0.017039441634549034,0.019288734912872318
101,0.017058095327681964,0.0192634130269289,0.017036108102732234,0.019285766550898552
102,0.017026190405918493,0.019256208911538123,0.017033234161469672,0.01928315541744232
103,0.017028899043798448,0.019256727844476698,0.017029409850968256,0.01927969082891941
104,0.01707970913913515,0.019317419826984407,0.017029430974688793,0.01927671058475971
105,0.017013194780382844,0.01931535229086876,0.017029199049952953,0.0192714972615242
106,0.01705071107794841,0.01923601105809212,0.017027368571774823,0.01926716304719448
107,0.017015404076211983,0.01929465599358082,0.01702741794230209,0.019261603218317033
108,0.017054848008685643,0.01926069788634777,0.017025499626994126,0.019263026699423792
109,0.017016818970441817,0.01922060504555702,0.017023941817714102,0.01926318634450436
110,0.01706947214487526,0.01925090417265892,0.01702376272131999,0.01925605412721634
111,0.017031453533305062,0.01924054019153118,0.017024748505320812,0.019254408976435662
112,0.017011348116728994,0.019228631630539894,0.01702362785778112,0.019253432661294936
113,0.016983645343118244,0.019255949035286903,0.01702158860589067,0.019250947058200837
114,0.017000521106852424,0.01920876830816269,0.017019459860771895,0.01925187966823578
115,0.016978160896235044,0.019229546114802362,0.017020272122903,0.0192491431504488
116,0.01703426569700241,0.01924381956458092,0.017020155752615795,0.019247005569934843
117,0.01700302926823497,0.019234878569841386,0.017016213679562013,0.019245586895942687
118,0.01700021599729856,0.01919742815196514,0.017015159806691934,0.01924125279486179
119,0.017024731983741125,0.019257186725735665,0.017012923415419125,0.019240497970581055
120,0.01700581258162856,0.01937884896993637,0.01701215735301375,0.01923876938819885
121,0.017029975830680794,0.019253262728452684,0.017009187352077827,0.019238214379549024
122,0.016997087862756517,0.019204328134655953,0.017006889220492708,0.019240879353880882
123,0.017053718177808656,0.019201087355613707,0.017002295833743283,0.019237510091066362
124,0.016985930864595704,0.019251796528697015,0.01699929905831814,0.019236607703566555
125,0.01698647491219971,0.0192156083881855,0.01700033924645848,0.0192343849927187
126,0.01700487669971254,0.019286728277802468,0.01699949897891945,0.019231374710798266
127,0.017046496959196196,0.01918779596686363,0.016997327868474854,0.019232043093442917
128,0.017025989786618286,0.019203288331627846,0.016995280198421742,0.019229057157039642
129,0.016981157312790554,0.01928195297718048,0.01699229927410682,0.019227957612276077
130,0.016986847958630986,0.019206999763846398,0.016990016216619146,0.019225688934326173
131,0.016994801296128167,0.019217140451073648,0.016989327425509692,0.019225761595368387
132,0.016996252516077625,0.019251441434025764,0.01698907934501767,0.019223262822628023
133,0.016980597985287508,0.01924682267010212,0.01698710975961553,0.019217251053452497
134,0.016959365680813788,0.019287229403853415,0.01698418603440126,0.019216507437825204
135,0.016954637476139598,0.019166672602295876,0.01698168413009908,0.01921713543534279
136,0.016956534147676495,0.01921798050403595,0.016976450994941928,0.019215628260374068
137,0.017037352820237477,0.019173063859343527,0.016974831310990788,0.019211006957292557
138,0.016962638654642634,0.019180691987276077,0.01697376545543472,0.019208915892243383
139,0.016946243345737456,0.019225477874279022,0.016971482795725266,0.01920523354411125
140,0.016926969144907263,0.019154897704720498,0.01696582528675596,0.01920350159406662
141,0.016959742589129342,0.01921633094549179,0.01696258689537644,0.01920048225522041
142,0.016945952831043137,0.01917816162109375,0.016960894195818237,0.01919552616178989
143,0.01698299621956216,0.019199244678020477,0.016960918939693106,0.01919229917526245
144,0.017018529971440634,0.01919471740722656,0.016957669118957387,0.019189099088311193
145,0.016956572946574953,0.019228554740548135,0.016956443662361965,0.019183515113592148
146,0.01695688270032406,0.019234672337770462,0.01695367554583483,0.01917998660504818
147,0.016934540255202187,0.019220028072595596,0.016952510302596622,0.019173509478569037
148,0.016922889798879622,0.019163407981395722,0.016949788285460732,0.01917549698352814
149,0.01694543876581722,0.019136263951659203,0.01694898784500029,0.01917521793544293
150,0.016959828523298106,0.019163331761956216,0.016945161651157666,0.0191737030774355
151,0.0169478102069762,0.01919466957449913,0.016943655499402018,0.019170685809850697
152,0.016905059234963524,0.019144497215747833,0.01694038184972273,0.019172927430272102
153,0.016945030002130403,0.019127804860472677,0.016942172765649025,0.019171150478720665
154,0.016938839823835428,0.019158050641417502,0.016941467058575816,0.01916651504933834
155,0.016987466555502678,0.019126325100660323,0.01693915520252453,0.019164904147386547
156,0.01691355577773518,0.019137138277292253,0.016934546525528033,0.019169021359086037
157,0.016965616101192103,0.019111842066049576,0.016930660495410362,0.019164835903048516
158,0.01691139507210917,0.019158609956502915,0.01692825341613756,0.019159643518924716
159,0.016930234599858523,0.019125301241874695,0.016925055281238423,0.019153866741061214
160,0.01688658704774247,0.019216360226273536,0.016922580388436716,0.01914840736985207
161,0.016936523136165407,0.019211004301905633,0.0169219605229795,0.019145903760194777
162,0.016941697974171905,0.01913519240915775,0.016919310645345183,0.019143475249409674
163,0.016924984860751363,0.01910526029765606,0.016915838496800926,0.019146174365282057
164,0.01686440210375521,0.01928151838481426,0.01691293927207589,0.01914564279019832
165,0.0169717420430647,0.019110473915934564,0.0169117090633346,0.01914423961639404
166,0.01694209991229905,0.019100445210933684,0.016909946645382378,0.019142277577519413
167,0.016888156429760985,0.019137889072299005,0.016905983049091366,0.019139270657300946
168,0.01686777929464976,0.01930217497050762,0.016902229446917775,0.019141789954900738
169,0.016921379218498865,0.019090081006288527,0.01690079278308484,0.019140189549326895
170,0.01689639596475495,0.01909874513745308,0.016895151259584556,0.019143070116639137
171,0.016876929327845572,0.0190902528911829,0.016895528602103388,0.019139888137578963
172,0.01687266793515947,0.019083543792366982,0.01689356336270769,0.019140324541926386
173,0.0169073931624492,0.01910081773996353,0.01689172166412075,0.019136870163679126
174,0.016879191824959384,0.019075551182031632,0.016889900187899664,0.01912994877099991
175,0.01687302480969164,0.019230809658765793,0.016887019060138196,0.019126776641607286
176,0.016875329588850338,0.019181380197405815,0.016882866478545797,0.019124352502822878
177,0.016874304016431172,0.019109417870640754,0.016882808397130834,0.019114287787675856
178,0.016900969553324912,0.019078753888607025,0.016877120221406222,0.019110640877485274
179,0.01683974991656012,0.01908287763595581,0.016872647095802756,0.01910831977725029
180,0.016893626501162846,0.019189307540655134,0.016870909424043363,0.019104290702939033
181,0.016877639181911944,0.019097128137946128,0.016869664455039637,0.019094154757261273
182,0.016824578013685015,0.01918385624885559,0.016866371699753736,0.01909291299283504
183,0.016920828635079994,0.019079060479998588,0.016862322686695394,0.019094079428911205
184,0.016881103614966076,0.01913621135056019,0.01686274904617005,0.019097747325897217
185,0.016840544583068953,0.019130000770092012,0.016860896031806866,0.019094532930850984
186,0.016890986230638293,0.01903796948492527,0.016856133076300225,0.0190974546968937
187,0.016869669780135155,0.019055889174342155,0.016853510195099647,0.01909607172608376
188,0.016821170320941343,0.019044656828045844,0.016850380374408433,0.01908784358799458
189,0.016862950068381097,0.0190299005061388,0.01684673771982392,0.019080372998118402
190,0.01682953764994939,0.019019301161170007,0.01684448479422265,0.01907570373415947
191,0.01683027177221245,0.019042417705059052,0.016840066887521078,0.01907470886707306
192,0.016844714635776147,0.019037162214517594,0.01683913169544604,0.019070724955201148
193,0.016836655069556502,0.01904877632856369,0.016833989788509078,0.019063350629806516
194,0.016839060336351394,0.019059036895632743,0.01683166752697693,0.019058591440320016
195,0.016795170638296338,0.019127906039357184,0.016829302131881316,0.019051452505588536
196,0.016887588314712047,0.019181950315833092,0.016822811496340566,0.01905070895850659
197,0.0168263425760799,0.019003183916211128,0.01681826712944441,0.019043385684490207
198,0.016788319274783133,0.019173861891031267,0.01681454057801101,0.019037412232160572
199,0.01681361979494492,0.01904097691178322,0.016809361358897556,0.019037192186713223
200,0.016794779292411275,0.01902510620653629,0.016805262640698086,0.01903496514558792
201,0.016784263224237494,0.01899461545050144,0.016801946866263948,0.01903428921699524
202,0.01681798087639941,0.018992686271667482,0.016797665883683498,0.019031415119767192
203,0.01679052188578579,0.01905388221144676,0.016794028117507697,0.01902978467941284
204,0.016816370114684107,0.018983279839158058,0.01679027116108272,0.019025842210650443
205,0.016765078827738762,0.019004949405789374,0.016786878941539258,0.019026498875021936
206,0.016819582643608253,0.01897814840078354,0.01678577417226301,0.01902262732386589
207,0.016765443136294682,0.019005382880568505,0.016782706022014218,0.019017283546924595
208,0.016758562746561234,0.019060471802949907,0.016779931741042267,0.019010262107849125
209,0.016767494442562262,0.01895312950015068,0.01677390121279491,0.018999622052907946
210,0.016747380797233848,0.01898066446185112,0.01677121364234222,0.018996511647105217
211,0.016761505752801897,0.019032468348741532,0.016767048769940934,0.018987151208519935
212,0.01676720182514853,0.019000213146209716,0.016762571359922488,0.018982759544253346
213,0.016738275960087777,0.019027758613228796,0.016758712190637987,0.018977806499600406
214,0.01675592550386985,0.018958048075437547,0.01675528205608328,0.018975151067972183
215,0.016738593495554396,0.018978540152311325,0.016751188690712054,0.018971402058005335
216,0.016736347861588,0.018943855985999108,0.01674690878830022,0.018964617902040484
217,0.016759909147189722,0.019053578823804856,0.016741945591651732,0.01896044437885285
218,0.0168090358376503,0.01895198754966259,0.016738173037850194,0.018957242628932003
219,0.016762356580131584,0.01892544247210026,0.016732730917798144,0.018954842686653137
220,0.016725813613997564,0.018952370062470435,0.016729760249621337,0.018953577795624735
221,0.016736825108528138,0.018915948942303657,0.016725750441600882,0.018947379711270335
222,0.016759153314762645,0.01892542377114296,0.01672151576007406,0.018947860750555993
223,0.01668419746475087,0.01893985092639923,0.01671868545719319,0.01894267824292183
224,0.01670168454448382,0.018931185305118562,0.016716514858520694,0.01893545873761177
225,0.016698300060298706,0.018901280090212823,0.016712188322262633,0.01893046294748783
226,0.016698509860369894,0.01892822965979576,0.01670782090582781,0.018925737330317494
227,0.016715646742118728,0.018898961022496222,0.016703625422964493,0.01892056905031204
228,0.016683524325489998,0.01888427831232548,0.016700643092807794,0.01891889069676399
229,0.01669229019847181,0.018878941759467124,0.0166979203167061,0.018914583650231357
230,0.01667076498270035,0.01892490565776825,0.016692862953990698,0.018905880263447764
231,0.016683529642307095,0.018918149843811988,0.016685306917048164,0.018901738479733466
232,0.016691176431874434,0.0189737606048584,0.01667858569332295,0.01890013099908829
233,0.016658317546049753,0.01890551969408989,0.016676671362006006,0.018895776188373566
234,0.016661627404391765,0.018965155482292176,0.0166735540031559,0.018894884964823725
235,0.016676623225212097,0.018851101770997046,0.016667868332813186,0.018890951380133632
236,0.016707240785989497,0.018851980715990067,0.01666424251935548,0.01888776905834675
237,0.016659038418696988,0.01887531839311123,0.01665943693957395,0.01888226821422577
238,0.01662909054921733,0.018909618183970453,0.01665463562251793,0.018886519184708593
239,0.016651038432286845,0.01882884107530117,0.016651460717204546,0.0188806583493948
240,0.016664035241636965,0.018936581313610076,0.0166459932823148,0.018876247903704645
241,0.016668278459045623,0.018836179822683333,0.01664181824798385,0.018872474712133408
242,0.01663347507930464,0.018835994154214858,0.016636036487668752,0.018867455989122393
243,0.016620134914086926,0.01884844295680523,0.016632080910851558,0.01886115048825741
244,0.01659432598700126,0.018885255455970765,0.016627114454574057,0.018856398725509645
245,0.016677955331073867,0.018843499794602394,0.016622662182152276,0.01884702880680561
246,0.01665889113727543,0.01889366835355759,0.01661843718687693,0.018839667299389837
247,0.01661701155619489,0.01882708415389061,0.016614391553898655,0.018832781657576562
248,0.016593552128308348,0.01886029288172722,0.01661034219347769,0.01882743640244007
249,0.016581545049945513,0.01879366420209408,0.016603880752623083,0.018823796224594114
250,0.016578267133898206,0.019007554352283476,0.016599482678870358,0.018817916986346245
251,0.016619137227535247,0.018781708776950835,0.016595117178559302,0.01881148077249527
252,0.01657896086987522,0.018788699880242347,0.016588774366842373,0.018806814533472063
253,0.016579148467216226,0.018789948523044588,0.016583070571389462,0.018799463480710987
254,0.016547746190594303,0.018753473684191703,0.01657609262549215,0.018794015738368038
255,0.016571875562270483,0.018767268136143683,0.016571139950553575,0.018787654387950898
256,0.016559368235369524,0.018799355775117873,0.01656660347084204,0.018785946398973463
257,0.01657986962132984,0.018739512637257576,0.016563684196604624,0.01877719659209251
258,0.016552692664166292,0.0187214820086956,0.016555971336530313,0.018770579412579532
259,0.016560486579934756,0.01879301443696022,0.016548291806048814,0.01876193021833896
260,0.016575389214687878,0.0187174703925848,0.01654268737617466,0.018758047541975974
261,0.016545704764624438,0.018760976269841193,0.016537722141047317,0.018749736797809603
262,0.016549086574878958,0.018728337436914443,0.01653213102204932,0.018745020776987076
263,0.01651995304144091,0.018748712837696076,0.01652855258319113,0.018735188642144206
264,0.01649246813936366,0.018712185099720956,0.016522981288532416,0.01872946912050247
265,0.016521440355314148,0.01875280499458313,0.016517346985886493,0.018727503243088722
266,0.016493829811612765,0.01869998626410961,0.01651295724188288,0.01872132966816425
267,0.016509658205840324,0.01867696039378643,0.016509895227766698,0.018723028156161305
268,0.01650672292129861,0.018805743232369422,0.01650593085048927,0.018723624566197392
269,0.01652134413106574,0.01866651028394699,0.016500116794721947,0.018718103435635566
270,0.016485133829216164,0.018678070306777955,0.016494096877922616,0.018712791070342065
271,0.016466902875237995,0.018677438497543334,0.0164901706683139,0.018708698812127115
272,0.016476900809341007,0.018730017244815825,0.016484375104225343,0.018701016134023668
273,0.016469421250124773,0.018652524277567865,0.016477712858137154,0.01869620000123978
274,0.016441767074995572,0.01867576368153095,0.016473357891043025,0.0186900872528553
275,0.016488806162443425,0.01876175098121166,0.016468109735184245,0.018684979125857353
276,0.0164798548610674,0.018638720735907555,0.016463919984797633,0.018678654810786247
277,0.016438103303727178,0.018739552944898607,0.016461616967121756,0.0186743919044733
278,0.01646940486712588,0.018635609149932862,0.01645892614871263,0.01867300815284252
279,0.01647119583768977,0.01879593588411808,0.016454470704495905,0.018668208342790604
280,0.016472766130334802,0.01878217838704586,0.01645135265390078,0.018665467482805252
281,0.01641401684118642,0.01866132751107216,0.01644537964877155,0.018657077527046203
282,0.016429371701346503,0.018606703504920007,0.0164397902874483,0.018652516728639604
283,0.016454537423948448,0.018619175553321838,0.016435035430722767,0.018651280176639556
284,0.016415597477720843,0.018600947484374047,0.01643097636202971,0.018646979323029517
285,0.016408833062483204,0.018597067072987555,0.01642701152281629,0.01864027400314808
286,0.016436830587271186,0.0186081575602293,0.016422987433440155,0.01864900452196598
287,0.016417882678409417,0.018600634261965752,0.016421987875964907,0.01864471081197262
288,0.016415209281775686,0.018590604960918425,0.016416523752113187,0.01863551007807255
289,0.016434892697466744,0.01860561244189739,0.016411045199963784,0.01863168359696865
290,0.016454169895086024,0.01871821120381355,0.01640882652062509,0.01862360754311085
291,0.01638244370619456,0.018579991012811662,0.01640539242732856,0.018619780874252322
292,0.016431706940962208,0.018608438894152642,0.016400119036436085,0.01860868552029133
293,0.016357397793067826,0.01859599433839321,0.01639486821277274,0.01860032689869404
294,0.016381610097984473,0.018552490323781968,0.01639214243955082,0.018594686049222948
295,0.016366262411077817,0.01864715650677681,0.016388007841176454,0.01859177083671093
296,0.01636542615791162,0.018569917157292365,0.016384342272910805,0.01858864532113075
297,0.0163777798290054,0.018562384247779846,0.016380358727110758,0.018590296930074694
298,0.01636881901572148,0.018870787248015403,0.016377277212176057,0.018587317556142808
299,0.016416778138114346,0.018568420931696892,0.016372015343192547,0.01858427561223507
300,0.01635220306615035,0.018531732633709906,0.016369107790208524,0.018580104437470435
301,0.016342891057332356,0.018543058708310127,0.016365210278580587,0.018576655462384222
302,0.016382636320259835,0.01853765159845352,0.016360598566714263,0.018572307270765302
303,0.016383552534712686,0.01853994242846966,0.01635546803962853,0.018564455422759057
304,0.01633936106537779,0.018518552035093307,0.01635190542315443,0.018561088946461683
305,0.016341495538751284,0.01857321284711361,0.016346717960553037,0.01855592550039292
306,0.0163458725106385,0.018520306274294854,0.016345091716200112,0.018552129951119427
307,0.016326006741987333,0.0185338231921196,0.016342292823808058,0.01855023329257965
308,0.016362898217307197,0.018541037663817407,0.016340191468844807,0.018548889753222466
309,0.01631600883271959,0.018642237707972527,0.016336396921922763,0.01854515773355961
310,0.016331795189115737,0.01852258272469044,0.016333255423025952,0.018543023517727856
311,0.016305283862683508,0.01853210896253586,0.016332435919592776,0.01852692610025406
312,0.016345193853808775,0.018496354892849922,0.016327405986769333,0.018526648175716403
313,0.016317771491077212,0.018504380583763122,0.016326809024893574,0.01852534297704697
314,0.0163195999008086,0.018496907651424407,0.016325476709091,0.018523006722331047
315,0.01632590671794282,0.01852191500365734,0.016320168925242292,0.018528970274329183
316,0.016293378294342093,0.0184958291053772,0.01631628533013993,0.01852609853446483
317,0.01630202037592729,0.01847935274243355,0.01631503265483512,0.018523881211876866
318,0.01631674168424474,0.018501105606555938,0.016312680013146664,0.018519551557302474
319,0.016311637788183158,0.018505073860287668,0.016309987689057982,0.018517389529943466
320,0.016313728536996575,0.018613568022847176,0.016307714478340413,0.01851453994214535
321,0.01627056248486042,0.018476616665720938,0.01630356317460537,0.01851131299734116
322,0.01629924235658513,0.01850902885198593,0.016302092427677578,0.018507093548774722
323,0.016348331429892116,0.01846835181117058,0.01629993983010451,0.018504882439970973
324,0.016291029817528196,0.018561472818255424,0.016298388108445538,0.01850301293432713
325,0.016337279019256433,0.018499102666974066,0.01629459319478935,0.018502958914637567
326,0.016309583162268004,0.01848465234041214,0.016294418044885,0.018501306039094927
327,0.016249941724042097,0.01868674039840698,0.016291776309907437,0.018500258105993275
328,0.016286462657153607,0.018468148931860925,0.016291258815924324,0.01850044195353985
329,0.016308044182757536,0.018463118970394134,0.016290957807501154,0.018498951289057732
330,0.016282679496539963,0.018464971482753754,0.01629012241065502,0.01849768612384796
331,0.016278564408421518,0.018466255590319634,0.016288829394843843,0.018496319547295567
332,0.016269176474048033,0.018462583497166632,0.016288230327765146,0.018494067445397375
333,0.01625911562393109,0.018460364043712617,0.016286019736031693,0.018487987089157103
334,0.01627924015952481,0.018536751493811607,0.016285231859982013,0.01848777517080307
335,0.016277980249789027,0.01846730500459671,0.016284998621708815,0.01849009409546852
336,0.01626649082120922,0.018485371321439743,0.016282583994997872,0.01848871929347515
337,0.01625032101240423,0.018495004400610925,0.01628072803682751,0.01848372464478016
338,0.016313392743468283,0.018463058695197106,0.01627755615313848,0.018481875279545784
339,0.01625355652636952,0.018470709323883058,0.01627326091892189,0.018485512888431546
340,0.016312969368365075,0.01852651119232178,0.016273299804826575,0.018478446996212004
341,0.016285853083762857,0.01845856249332428,0.016273268503116237,0.01847716296613216
342,0.0162811354547739,0.01844772361218929,0.016270670085151987,0.018476279425621033
343,0.016284416288965278,0.018466941192746163,0.01626805362138483,0.01848072624206543
344,0.01629666111121575,0.018448771312832832,0.016267762282821868,0.018480839875340462
345,0.016258463743660186,0.018461559116840363,0.0162675072774291,0.018480918654799464
346,0.016250865583618483,0.01847131870687008,0.01626886121266418,0.018480111119151113
347,0.016293411399755212,0.018567001968622206,0.016267635077072518,0.01847618172466755
348,0.016287965762118498,0.018433981761336326,0.016265747825221884,0.018475117918848993
349,0.01624463086326917,0.018436606600880624,0.016264280096441507,0.018473996829986575
350,0.016257981927030617,0.01845286853611469,0.01626475878631075,0.018473382222652435
351,0.0162022023068534,0.018575592562556267,0.01626194257794155,0.018472245121002196
352,0.016250913871659174,0.018510093092918397,0.01626152209912737,0.018472385177016257
353,0.016285680114395087,0.018436048179864883,0.01625847946430246,0.018468272721767424
354,0.016243083733651374,0.018441030457615852,0.01625576713507374,0.018467859432101247
355,0.016217267902361023,0.01857614189386368,0.0162553655333817,0.01846725825369358
356,0.01627128094434738,0.018469096422195436,0.01625655311718583,0.018465398839116097
357,0.016262801339228947,0.018464552983641625,0.016258378690398402,0.018469665428996085
358,0.016292964004808,0.018440175652503967,0.01625816504880786,0.01847086805999279
359,0.016248586769733165,0.01843851663172245,0.016258219793521694,0.01846992594897747
360,0.016230798953523237,0.018440709859132768,0.01625741137125426,0.018464568209648133
361,0.01622979760169983,0.018457344099879265,0.01625442920981182,0.018467344838380813
362,0.016262288259135352,0.0184796392172575,0.016255852986954984,0.01846699475944042
363,0.016242987534238234,0.018434631153941155,0.016255250873085526,0.018466617262363434
364,0.01624304455601507,0.01847421072423458,0.016258009136137036,0.01846053366065025
365,0.016236903497742282,0.01842369981110096,0.016259015269163582,0.018456868931651115
366,0.016218044853044882,0.018448230251669882,0.01625543417442176,0.018465606656670568
367,0.016271095412472885,0.018432694151997567,0.016255312096327544,0.018464860481023786
368,0.016314105884068543,0.01842045582830906,0.016258778333581157,0.01845847544968128
369,0.016342300441530015,0.018555436059832574,0.01625848920237687,0.018457154810428616
370,0.016253122703896627,0.018491624891757964,0.016257729279746613,0.018455756074190137
371,0.016252234201464388,0.018447765931487083,0.01625602877082096,0.018456352779269217
372,0.01627320084306929,0.018433058485388756,0.016254288477781747,0.018457389277219773
373,0.01621341172605753,0.01850339747965336,0.01625365605254968,0.018460795906186107
374,0.016280225291848183,0.018427854627370833,0.01625348467859957,0.018461803275346758
375,0.01624292908029424,0.018443431109189987,0.016253127075897322,0.018460107344388965
376,0.016271158883141148,0.018423502519726753,0.016252853023840323,0.018460431870818143
377,0.016276067197322844,0.01841847486793995,0.016252035422457588,0.018460152187943463
378,0.016196152745849558,0.018654491305351257,0.016252346243129837,0.01846057122051716
379,0.016240031781295936,0.018422376066446304,0.016252978642781576,0.018459458109736444
380,0.016303923833701345,0.01841651611030102,0.016250283771753315,0.018462508195638657
381,0.016264052664240202,0.01843608044087887,0.01624733635882537,0.018462444096803664
382,0.01624380327347252,0.018429584577679636,0.016243169901768367,0.01845702233016491
383,0.016250451281666755,0.018455093279480934,0.016243866803414293,0.018454996278882026
384,0.016205079443752764,0.0184644290804863,0.01624446073704296,0.01845366970896721
385,0.01621498832272159,0.018525875583291055,0.016243384373850294,0.018460107645392416
386,0.016225513252947067,0.01848252832889557,0.016245487290289667,0.018457126888632776
387,0.016253348191579184,0.018437240943312644,0.01624359920985169,0.01845671440958977
388,0.0162361362328132,0.018442744314670564,0.01624456594420804,0.018455879792571066
389,0.01622260452144676,0.01846721865236759,0.01624311780763997,0.018455962130427363
390,0.01624467401454846,0.018434175625443458,0.016241661974787713,0.01845630024075508
391,0.016233854844338366,0.018420402482151984,0.01624319114221467,0.0184526432543993
392,0.016203723636766275,0.01850894629955292,0.01624180565575759,0.018455212631821632
393,0.016240420560869905,0.018418853357434272,0.016238662304977575,0.01845745784640312
394,0.016238139015105034,0.018419891893863678,0.016239445663160747,0.01846009356379509
395,0.01627054524504476,0.0184409736096859,0.016239200058910584,0.01846057517230511
396,0.016267082542181014,0.018414601683616638,0.016239119356539516,0.0184589940994978
397,0.016246291763252683,0.01859400689601898,0.016240473562975727,0.018460378414392475
398,0.016265984637041885,0.01842887856066227,0.01624112679180172,0.01845585419237614
399,0.01623302328089873,0.018417542651295662,0.016237985028823218,0.0184626532882452
400,0.016267097439202998,0.018422565683722497,0.01623806313623985,0.018464092275500298
401,0.01623495546893941,0.018425560966134073,0.016237435378630958,0.018463082790374754
402,0.016239671376016406,0.018426927626132964,0.016238711155123185,0.018460829919576646
403,0.016234381931523482,0.018563066646456718,0.016239328649308948,0.018459535974264144
404,0.016205394619868863,0.018486610502004622,0.01624010307805406,0.018459156966209412
405,0.01622534006420109,0.018472646474838258,0.016241310751272574,0.018466192397475243
406,0.016283636618819503,0.018501973375678063,0.016242897618148063,0.0184667800039053
407,0.016237663167218367,0.01844162479043007,0.0162421353098419,0.01847069312334061
408,0.016248433722390068,0.018415566459298136,0.01624011507878701,0.018470902037620543
409,0.01623893460465802,0.018499036952853203,0.016239699644181465,0.018473019909858706
410,0.01623131904337141,0.01841277003288269,0.01623862491746744,0.018466295480728152
411,0.016146969178484547,0.018652505725622177,0.01623424872590436,0.018470473402738573
412,0.01625530087699493,0.018473215624690054,0.016235316725240815,0.018472517800331115
413,0.016220442292590936,0.018417507186532022,0.016235211428668767,0.018473875799775122
414,0.016254498933752377,0.018410896882414818,0.016234930374059413,0.018476592388749116
415,0.0162601113691926,0.01840182699263096,0.016235124089817206,0.01847604434788227
416,0.016253215562966133,0.018410927280783654,0.016236219515237547,0.018469676932692528
417,0.016233915467229153,0.018684832081198692,0.01623493529889319,0.018470490756630903
418,0.016280092232757143,0.018433543518185616,0.016234417482713856,0.01846918786466122
419,0.01621908130745093,0.018517719879746437,0.016232309785816402,0.018465041837096217
420,0.01622003946867254,0.018446196466684342,0.016231107773052318,0.018462942653894424
421,0.016256696677042378,0.018467548489570617,0.016229816208283104,0.018463325041532516
422,0.016219423595401974,0.018425896167755126,0.01622976900604036,0.01845956719517708
423,0.016156579847964977,0.018533326610922815,0.016228425084551176,0.01846210496723652
424,0.016259723264310095,0.018468652591109275,0.016231938060124712,0.018452919912338255
425,0.01626446502490176,0.018456515669822694,0.016230458116034668,0.018449947178363797
426,0.01622792910370562,0.018493475690484047,0.016229245371123156,0.01845115964412689
427,0.016244514269961253,0.01841322660446167,0.016226863528291384,0.01845620036721229
428,0.016261767567031914,0.01840388126671314,0.016225798155201806,0.01845596805810928
429,0.016173289211259947,0.018506956100463868,0.0162244605148832,0.01845814198255539
430,0.01621239465971788,0.018440074175596236,0.016224181649751132,0.018446513694524762
431,0.016230944196383157,0.018398322686553,0.016221282271544138,0.018446817484498026
432,0.016207612848116292,0.018389145210385323,0.016220921365833946,0.0184422930598259
433,0.016216144603159694,0.018425126150250434,0.016219964743157227,0.018440064132213593
434,0.01623775454858939,0.01840509079396725,0.016218136118186843,0.018448790284991266
435,0.01619772100614177,0.018476214334368704,0.01621939129067792,0.01844866301417351
436,0.01623479356782304,0.018422879353165625,0.01622097015099393,0.018445387330651285
437,0.016218302274743714,0.018398897275328636,0.016218740506139067,0.01844575330913067
438,0.016190123669803144,0.018447818830609322,0.01621613735763563,0.018443743816018106
439,0.016194952862958113,0.018536914959549903,0.016217522661801844,0.01844106441438198
440,0.01623347704195314,0.018396019265055658,0.016217031604962216,0.018441155844926834
441,0.016219774555000992,0.018465275391936303,0.016213914993488125,0.01844226767420769
442,0.01622694383892748,0.018394124880433082,0.016215709064155818,0.01843797722160816
443,0.016207607777582275,0.01844113826751709,0.016214325408223602,0.018436841869354244
444,0.016210058664696086,0.018404609262943267,0.01621222987497846,0.018451906841993326
445,0.01619612390175462,0.018390473276376725,0.01621347689669993,0.018452833271026606
446,0.016210981052782802,0.01868570230901241,0.01621274847909808,0.018452117747068404
447,0.016250802907678816,0.01842271439731121,0.0162115781986879,0.018457580384612083
448,0.016196051355865267,0.018451434522867204,0.016210190617789826,0.018462139642238615
449,0.016203982142938507,0.01847780205309391,0.016210255144122575,0.018461400055885313
450,0.01619938631231586,0.01840627834200859,0.01621046141377754,0.01846962245106697
451,0.016262561707860893,0.018426490649580955,0.01621384255198969,0.018467651975154875
452,0.016232237848970626,0.018415512368083,0.016214703613602454,0.01846423413157463
453,0.01618385228017966,0.018431676998734475,0.016216012956119248,0.01846635739505291
454,0.016218140977952215,0.01839969478547573,0.016214591479549807,0.018463629791140558
455,0.016177803261412514,0.01841169036924839,0.016212759154124397,0.01846523611545563
456,0.016178555865254667,0.018774947002530098,0.016212893411268792,0.018463052812218664
457,0.016238788391153017,0.01841230593621731,0.016212506391687528,0.018463404303789135
458,0.016197934163113437,0.01840723805129528,0.01621573583814833,0.0184660734385252
459,0.016208497538334792,0.018541656732559204,0.016216702738735413,0.01845527158677578
460,0.016163031483689944,0.018590195775032042,0.016215580031772456,0.018454194459319114
461,0.01623640672614177,0.018404389694333077,0.016216732019020453,0.018453042280673983
462,0.016223459016117783,0.018604457154870035,0.016217794341842333,0.01845051774084568
463,0.01627465212510692,0.018398556932806967,0.016217766518642505,0.018450636368989942
464,0.016216479403277237,0.018451468870043754,0.016216635430935357,0.01845393095910549
465,0.016266210604872967,0.018449100852012634,0.01621574329642786,0.01845302401483059
466,0.01618423764076498,0.018397085294127466,0.016216758297135432,0.018454792857170107
467,0.016181135703292156,0.01843428298830986,0.0162156572945416,0.018454291105270384
468,0.016210964206192228,0.018386555686593056,0.016216093932671677,0.018458109313249583
469,0.01620038317516446,0.018413396552205086,0.016216698062337106,0.018443644398450847
470,0.016276860063274702,0.01845720164477825,0.016214740650107463,0.018442838358879086
471,0.01623515356745985,0.018415656015276907,0.016214248167226712,0.018442480167746543
472,0.01622273523360491,0.018395786210894584,0.01621409402117133,0.01843679879307747
473,0.01622485103706519,0.018422630056738852,0.016217012947218286,0.018428467452526097
474,0.016230540213485557,0.0184146885573864,0.016215997184895803,0.018429597473144533
475,0.01619869073232015,0.018409244045615197,0.016215500193420378,0.018421372428536417
476,0.016234284515182176,0.018508855402469635,0.016213293597516082,0.018421357205510143
477,0.016209934486283196,0.01839283876121044,0.016212967362089287,0.01841929164528847
478,0.016209227297868993,0.018475898057222367,0.016210854281899,0.018417401620745656
479,0.016190615913106336,0.01838715098798275,0.016213440995332264,0.018419654747843742
480,0.016188719214664565,0.018507145568728445,0.016216185313214854,0.01841784684956074
481,0.01619365910689036,0.018413324132561682,0.01621553605298201,0.018418673184514046
482,0.01618985308541192,0.018392154946923256,0.016216651672373215,0.018417955517768866
483,0.016185622091094653,0.018398283272981642,0.016213401000284483,0.01841522155106068
484,0.016204643886950282,0.018399622365832327,0.01621200380052129,0.01841418735086918
485,0.0162360046348638,0.018381912261247635,0.01621015609279275,0.01841487093269825
486,0.0162110126680798,0.018432640209794043,0.01620858922575911,0.018414974164962766
487,0.016211034229232205,0.018398831039667128,0.016207944278998507,0.018414214274287223
488,0.016219487227499486,0.01839817635715008,0.016208169850955405,0.01841386634409427
489,0.01620832351760732,0.018399829864501952,0.016206176284369496,0.018413604682683944
490,0.016213383600115774,0.01840185023844242,0.016207598598384193,0.018414827227592464
491,0.01624890547659662,0.01845341347157955,0.01620611924239331,0.0184115990370512
492,0.01624974365035693,0.01838908553123474,0.01620640263549156,0.018413290929794313
493,0.01619473270037108,0.01840721406042576,0.01620720459131731,0.018408353453874586
494,0.016228273659944534,0.01839545488357544,0.016206541849424442,0.01840711770355702
495,0.016195593261056476,0.01838885247707367,0.016206862406846552,0.018407961568236358
496,0.016200223573380048,0.018389801010489464,0.016207332023233174,0.018411716726422313
497,0.016176542540391286,0.01841287575662136,0.016206953524053096,0.018411810511350636
498,0.016185679361224174,0.01842521086335182,0.016206107359296743,0.018412228158116346
499,0.016214416544470523,0.01839569129049778,0.016206958926055164,0.018414122140407566
500,0.016204330031242636,0.018400545790791513,0.016205535991407102,0.01841460483670235
501,0.016184445350534385,0.01850231386721134,0.016206199400706424,0.018415718358755117
502,0.01624549233665069,0.01842340238392353,0.01620563303637836,0.018421141552925114
503,0.016172243398096826,0.01839519329369068,0.016205590316901605,0.018420935717225074
504,0.016197700740562544,0.018429448306560518,0.016204612609826856,0.018418691849708554
505,0.016208768110308382,0.018383708670735358,0.016202522624780735,0.018422600227594375
506,0.01617709055956867,0.018382430374622345,0.01620352024535338,0.018422150763869286
507,0.016197867020964624,0.01841325156390667,0.0162020506117079,0.018424403983354567
508,0.01619736250076029,0.018492162227630615,0.01620392202271356,0.01842747086286545
509,0.016195181407448318,0.018401966989040376,0.016202982334461477,0.018431485998630523
510,0.016214850515955025,0.01839235343039036,0.016204324314826064,0.018430733251571654
511,0.01623230183704032,0.018479989767074587,0.016204544886284405,0.01842917477488518
512,0.01617546086303062,0.018410898447036743,0.016205294888549382,0.018432038351893425
513,0.0162360724599825,0.0184260144084692,0.01620468646734953,0.018431686446070673
514,0.016194164409405656,0.018535409718751908,0.016203367192712096,0.01843961354792118
515,0.016212315613196956,0.018396704345941543,0.016201240027116405,0.018441622757911683
516,0.016224462799727918,0.01839731678366661,0.0162015403567089,0.018442201006412508
517,0.016197494024203882,0.018486794978380204,0.01620162276774645,0.01844072219729424
518,0.01621967321468724,0.018395977467298506,0.016201144436001777,0.018440716388821603
519,0.016191532818807496,0.01845178537070751,0.016201701129145096,0.018440770700573924
520,0.016242378536197873,0.01846552446484566,0.01620202552792099,0.01843963324725628
521,0.016176731367078093,0.018490179404616357,0.01620206511517366,0.01843720977306366
522,0.016210092049505975,0.01839405708014965,0.01620259720856945,0.01843616472184658
523,0.016191193647682667,0.01838624894618988,0.01620129262747036,0.018437043583393098
524,0.016233166601094935,0.018467280715703964,0.01619973359695739,0.01843489342033863
525,0.016189119501246345,0.018391748145222663,0.0161981059614155,0.01843607979416847
526,0.01615146348459853,0.018700491413474084,0.01619642005893919,0.01843692477941513
527,0.01619231319675843,0.018473632633686066,0.01619603986425532,0.01843773721754551
528,0.01617975163790915,0.01840964950621128,0.016196177833444538,0.018438286897540093
529,0.01619976101650132,0.018392478078603745,0.016194444506201475,0.018438319504261013
530,0.01619680981669161,0.018383563458919526,0.016194376437697142,0.018435590243339538
531,0.01619100788815154,0.018383788168430327,0.016192870157625938,0.01843589006960392
532,0.016205976990362008,0.018384815230965613,0.016192688926060992,0.018433270025253298
533,0.016198352182077037,0.01843157537281513,0.016189055438670847,0.01843313392698765
534,0.016208483742343054,0.018375840708613395,0.01619066198832459,0.018429625314474105
535,0.016182235988477865,0.018414324969053267,0.016188440391421317,0.01842996342778206
536,0.0161933260742161,0.01842623569071293,0.016189493518736626,0.018430367586016655
537,0.016134769974483383,0.018440557792782784,0.016188604192104605,0.01842749536037445
538,0.016193924898074735,0.018447139039635657,0.01618834940178527,0.01842879083454609
539,0.016184659542308914,0.018555720672011375,0.01619019588049915,0.018417156279087066
540,0.016215764842927458,0.01841044634580612,0.016190753528144624,0.018414095714688303
541,0.016181129618651337,0.01839813195168972,0.016191604107452764,0.018412580245733265
542,0.016195792311595545,0.018418563455343248,0.016191904431581496,0.01841267512142658
543,0.016182016212907102,0.018403473123908044,0.016191112549271847,0.018413293239474295
544,0.016187002029683855,0.01838628426194191,0.01619075843128893,0.01841374304294586
545,0.01615154135144419,0.01846212200820446,0.016189838169183995,0.018413988098502154
546,0.016216895108421645,0.0184024640917778,0.016190923163791497,0.018413323435187336
547,0.016154552126924196,0.01840250991284847,0.016190379502375923,0.01841360718309879
548,0.0162175218305654,0.018396352902054786,0.016190889509187806,0.018415444421768193
549,0.016210933435294363,0.018395475074648858,0.016193046550121576,0.01841372595429421
550,0.016182749743262927,0.018424134999513626,0.01619542978223827,0.018411158096790316
551,0.016197625452445612,0.01840962752699852,0.01619437434590525,0.018411347398161887
552,0.016206254387895268,0.018397118523716928,0.016196325362059807,0.018403986057639123
553,0.016201016120612623,0.01837176278233528,0.016195431424180666,0.01840311621427536
554,0.016207269119719665,0.018394849970936777,0.016195704866283474,0.018402519986033438
555,0.016177012758950393,0.018399016410112382,0.016195949862897397,0.01840288305580616
556,0.016182154938578604,0.01839503325521946,0.016196510853204463,0.018402302446961404
557,0.01618297043773863,0.018390941619873046,0.01619634767373403,0.018403551673889164
558,0.016225477047264576,0.01841495878994465,0.01619759058157603,0.018400181794166564
559,0.01619489220695363,0.018382934406399726,0.0161965597126219,0.018399381759762762
560,0.01619498615877496,0.018460255935788154,0.01619795615937975,0.018398462307453158
561,0.0162472520975603,0.018383274003863335,0.016197578275203708,0.018399481582641604
562,0.016194350777400866,0.01837636135518551,0.0161963192573852,0.01840046035051346
563,0.01616753898974922,0.018451871573925017,0.016197049408488803,0.01839921646118164
564,0.016233434946172767,0.01837168715894222,0.016197653736174107,0.01840048800110817
565,0.016193416395948994,0.018388700261712073,0.016197743679748643,0.01840253368318081
566,0.016187965671221414,0.018383226245641707,0.016198083742956323,0.018402788388729094
567,0.016201917226943703,0.018427640199661255,0.0161989151471191,0.018402584767341613
568,0.016196040970583758,0.018388957902789115,0.0162010681544741,0.018404511144757267
569,0.01618292254292303,0.01841751493513584,0.01620110007458263,0.018404400211572646
570,0.0161826140474942,0.01837787501513958,0.016199402849210634,0.01841025177836418
571,0.016191123384568427,0.01838246323168278,0.016198029098245834,0.018409790089726447
572,0.016189463295870357,0.01837952360510826,0.016197569618125757,0.018410000750422477
573,0.01620807472616434,0.018421834781765938,0.016196699270937177,0.0184068926781416
574,0.016179457989831766,0.018419944271445273,0.016195476800534462,0.018407796654105187
575,0.01620100352085299,0.018393037766218187,0.016197205624315474,0.01841179715394974
576,0.016212733644578193,0.018441416025161743,0.016198917798532376,0.01841252611279488
577,0.016208502977258628,0.018448260575532914,0.016195941489769352,0.018413246721029283
578,0.016209517700804605,0.018378130421042443,0.0161959334452947,0.018413468104600907
579,0.016228054223789107,0.018389759436249733,0.016194884513980812,0.01841395991742611
580,0.016230837942825423,0.018447175845503806,0.01619278607401583,0.018415449243783952
581,0.01618295294129186,0.018392259925603865,0.016192426234980427,0.018415238973498345
582,0.016140539803438717,0.018537230789661407,0.016193318792515333,0.01841420369148255
583,0.016191133273144562,0.01840341657400131,0.01619353840938873,0.01841581680774689
584,0.01618340520395173,0.018388200923800467,0.01619450171829926,0.01841690913438797
585,0.01617322747906049,0.01838255412876606,0.016194797201537426,0.018417175105214116
586,0.01621669033749236,0.018405873402953146,0.01619372752962841,0.018416058328747747
587,0.0162375713719262,0.018476373851299285,0.01619465789604518,0.01841491623520851
588,0.016210343345171876,0.01847009554505348,0.01619378409178721,0.01841486585438252
589,0.016159027227097087,0.01838970236480236,0.016193273091895714,0.018412446901202206
590,0.016193215284082626,0.018394234851002694,0.0161919145124654,0.018410113176703453
591,0.016161742388374277,0.01839552156627178,0.01619090741367804,0.018415664532780648
592,0.016149456227819124,0.018464873358607293,0.016189883259518284,0.01841672176122665
593,0.01618704499469863,0.018383701145648957,0.016188889043447046,0.01841466042399406
594,0.016205236481295692,0.01839163288474083,0.016188419773098497,0.018415619724988935
595,0.01618810446932912,0.018418202921748162,0.016193241944164036,0.018410757321119305
596,0.016215206107331646,0.018409771397709846,0.01619479585993621,0.018410173112154007
597,0.01619685037682454,0.018386172875761986,0.0161959447035359,0.018413524019718172
598,0.01618133292843898,0.018393915370106696,0.016196725657333932,0.018413778346776963
599,0.01620271715025107,0.018391391932964324,0.016195735715081296,0.018414277291297913
600,0.016179158414403597,0.018391778245568275,0.01619396895344059,0.018410805732011794
601,0.016199958647290867,0.018380942195653914,0.01619268892101116,0.018407701736688615
602,0.01617453849150075,0.018389917463064193,0.016194907319462964,0.0184079084277153
603,0.016184340231120586,0.018516914322972297,0.016194817593942087,0.01840753676891327
604,0.016202450369795163,0.018416190147399904,0.016196483458330236,0.01840808485150337
605,0.016205982541044554,0.018395642414689065,0.016197866049822835,0.01840799000561237
606,0.01617122118257814,0.018416242450475694,0.016197697551962403,0.018408158099651333
607,0.01626109408007728,0.018415670692920685,0.016197258628987604,0.018410407730937
608,0.016229981167448893,0.018388811349868774,0.01619678921699524,0.01840932864844799
609,0.016212126293943988,0.01847197361290455,0.016194900805751485,0.018408291617035867
610,0.01619275132401122,0.01838891230523586,0.016193980127738584,0.018408041399717332
611,0.01619194178117646,0.018418347015976905,0.016194331603248915,0.01840771400332451
612,0.01619340233090851,0.018389584869146346,0.016195780552426972,0.018407258945703504
613,0.01617834253443612,0.018392495661973953,0.016196666731933748,0.018409155705571174
614,0.016214487188392215,0.01839486964046955,0.016196070242259237,0.0184091192394495
615,0.01619097214606073,0.018384943380951882,0.016197471096283857,0.018411965110898015
616,0.016203388998077977,0.01840922363102436,0.01619794575141536,0.018407084280252454
617,0.016184021015134123,0.018462502211332322,0.01619806481036875,0.01840668062567711
618,0.01618283254818784,0.01838790349662304,0.016197365894085828,0.01840866746306419
619,0.01619426340692573,0.018447873666882515,0.016198303233790727,0.018407357692718503
620,0.01617636916952001,0.018391225859522818,0.016196843408751816,0.01840655170381069
621,0.016167995826237732,0.018383845612406732,0.016196038757306002,0.018408082285523417
622,0.016173833426502016,0.018379917442798613,0.0161953731186274,0.018404618516564372
623,0.01619011981619729,0.018385730460286142,0.016195061582533848,0.018408321020007137
624,0.016238940879702568,0.01838001549243927,0.016194495275492465,0.018407140478491783
625,0.016201312902073065,0.01843919724225998,0.016194882675715616,0.018409265968203543
626,0.016185046405427984,0.018380030542612075,0.016193856171808307,0.018415635180473327
627,0.016209559842116302,0.018461064249277116,0.01619305740011235,0.01841622914671898
628,0.01619620660940806,0.018394893556833266,0.016193502493823564,0.018416112303733825
629,0.016205426843629942,0.018406098783016203,0.01618939818818536,0.018424893134832383
630,0.016188509633971584,0.018445313349366187,0.016190148921600648,0.018426208394765855
631,0.016194654675200582,0.018383498191833495,0.016190338799191847,0.018425996562838554
632,0.016224598454104528,0.018395520970225333,0.016189157676365643,0.018424599024653435
633,0.016209864881303576,0.018427075892686842,0.01618957900553942,0.018424735739827156
634,0.016195485326978894,0.018385379388928414,0.01619015630665753,0.01842503278553486
635,0.0161849629216724,0.01848147489130497,0.016191069266531202,0.01842546394467354
636,0.016177784105141958,0.01838883347809315,0.01619033735079898,0.018428180086612705
637,0.01620308733648724,0.018442722111940382,0.01618830213977231,0.018429777115583423
638,0.01615267993675338,0.018551725968718527,0.016187950539754498,0.01842826185822487
639,0.01619451789599326,0.01840971879661083,0.01618781641556157,0.01843015421330929
640,0.016202099488841163,0.01838202230632305,0.01618506792700953,0.018428905200958252
641,0.01610078135712279,0.018628744408488274,0.016184955864813593,0.01842833487391472
642,0.016202789350516267,0.018495383709669112,0.016184634280039207,0.018427354073524475
643,0.016187579487967823,0.01838260769844055,0.01618541367881828,0.018425407400727272
644,0.016164735336270598,0.018412935212254525,0.01618716653962102,0.018426584514975544
645,0.016186902398864427,0.018394643738865853,0.016186785557659136,0.018426454141736028
646,0.016182428354190457,0.018391271755099296,0.016185405912622807,0.018426573058962822
647,0.016196657423343922,0.018390696421265604,0.01618439498009781,0.018429526415467266
648,0.01617182192289167,0.01845363400876522,0.0161850768842217,0.018429379752278333
649,0.016188060604035853,0.01841994121670723,0.01618557934342987,0.018429238098859792
650,0.016192522901627752,0.018401315808296202,0.016186446399614217,0.018426865988969806
651,0.01618169330060482,0.018427339419722556,0.01618890556655824,0.018420331698656082
652,0.01614084762831529,0.018429838940501212,0.016187849183256425,0.01842024929523468
653,0.01619340505450964,0.018380635380744935,0.016186489536240693,0.01842127475142479
654,0.01619738722427024,0.018381578773260118,0.0161891826144937,0.018412431323528287
655,0.016207994603448444,0.018396646529436112,0.016187795373010964,0.018408922323584553
656,0.01623847619526916,0.01841292604804039,0.016187016526030166,0.018409924364089964
657,0.016215073905057376,0.018392261639237403,0.01618715144511726,0.018409713304042813
658,0.016175373755395413,0.018430048823356627,0.016186399681700596,0.018410233902931207
659,0.01617021201385392,0.01845921330153942,0.01618582688007089,0.018410889381170265
660,0.016202010524769623,0.018477808311581613,0.01618468491567505,0.01841156787276267
661,0.01619034558534622,0.018385292142629624,0.0161845363712973,0.018409728860855096
662,0.01622476374109586,0.01838341936469078,0.01618373827967378,0.018409237560629836
663,0.01621415911035405,0.01838836871087551,0.01618276169614659,0.01840949127674102
664,0.0161681083134479,0.018407658711075782,0.016182218296660313,0.01840870404839515
