scheme,experiment_name,fullrun_timestamp,seed,split_seed,shuffle_seed,weight_seed,hidden_size,depth,num_parameters,input_size,output_size,num_pressure_conditions,num_species_total,num_species_kept,kept_species,removed_species,activation,learning_rate,batch_size,epochs_ran,best_epoch,final_train_loss,final_val_loss,best_val_loss,test_mse,test_rmse,test_mse_unscaled,test_rmse_unscaled,training_time_s,mean_rel_error_k1,max_rel_error_k1,mean_rel_error_k2,max_rel_error_k2,mean_rel_error_k3,max_rel_error_k3
O2_novib,3__O2(X)_O3(X)_O(3P),2026-04-23_14-32-46,32,32,32,32,"30, 30",2,1233,6,3,2,11,3,"O2(X), O3(X), O(3P)","O2(a), O2(b), O2(Hz), O2+(X), O(1D), O+(gnd), O-(gnd), O3(exc)",tanh,0.0001,16,5000,4994,0.0001881529299943294,0.00016775317024439573,0.00013032560818828642,0.00015351909678429365,0.012390282352888237,1.5414283107572988e-44,1.2415427140285182e-22,222.54032731056213,0.03162167966365814,0.24248911440372467,0.010773282498121262,0.0592731311917305,0.004255583509802818,0.022803401574492455
O2_novib,3__O2(X)_O3(X)_O(3P),2026-04-23_14-32-46,32,32,32,32,"50, 50",2,3053,6,3,2,11,3,"O2(X), O3(X), O(3P)","O2(a), O2(b), O2(Hz), O2+(X), O(1D), O+(gnd), O-(gnd), O3(exc)",tanh,0.0001,16,5000,4982,4.712574765209057e-05,5.768281756900251e-05,2.8012361799483187e-05,3.2663716410752386e-05,0.005715217967037861,5.605193857299268e-45,7.486784261149288e-23,299.9628620147705,0.015100984834134579,0.06054159253835678,0.002464066492393613,0.01750972308218479,0.002305716974660754,0.010247851721942425
O2_novib,3__O2(X)_O3(X)_O(3P),2026-04-23_14-32-46,32,32,32,32,"30, 30, 30",3,2163,6,3,2,11,3,"O2(X), O3(X), O(3P)","O2(a), O2(b), O2(Hz), O2+(X), O(1D), O+(gnd), O-(gnd), O3(exc)",tanh,0.0001,16,3854,3754,5.8989118956055286e-05,0.00011051000852603465,2.71155664086109e-05,3.0098919523879886e-05,0.005486248219309794,2.802596928649634e-45,5.293955920339377e-23,202.50380444526672,0.012626580893993378,0.06086118146777153,0.0051651583053171635,0.024701816961169243,0.0017503008712083101,0.0070577701553702354
O2_novib,3__O2(X)_O3(X)_O(3P),2026-04-23_14-32-46,33,33,33,33,"30, 30",2,1233,6,3,2,11,3,"O2(X), O3(X), O(3P)","O2(a), O2(b), O2(Hz), O2+(X), O(1D), O+(gnd), O-(gnd), O3(exc)",tanh,0.0001,16,3582,3482,0.000187915422138758,0.00018015278648817913,0.00010474129623617046,0.00013829956878907979,0.011760083706720789,9.80908925027372e-45,9.904084637296735e-23,159.83266925811768,0.03011029027402401,0.2380818873643875,0.0083931814879179,0.03316237032413483,0.0029370307456701994,0.018195994198322296
O2_novib,3__O2(X)_O3(X)_O(3P),2026-04-23_14-32-46,33,33,33,33,"50, 50",2,3053,6,3,2,11,3,"O2(X), O3(X), O(3P)","O2(a), O2(b), O2(Hz), O2+(X), O(1D), O+(gnd), O-(gnd), O3(exc)",tanh,0.0001,16,3733,3633,0.00013417684149721431,0.00010658131068339572,8.186040853615851e-05,0.00010855754226213321,0.010419095078850813,1.961817850054744e-44,1.400649081695606e-22,221.79196548461914,0.02558314800262451,0.15679429471492767,0.007708005141466856,0.0469224750995636,0.004807611461728811,0.02694433555006981
O2_novib,3__O2(X)_O3(X)_O(3P),2026-04-23_14-32-46,33,33,33,33,"30, 30, 30",3,2163,6,3,2,11,3,"O2(X), O3(X), O(3P)","O2(a), O2(b), O2(Hz), O2+(X), O(1D), O+(gnd), O-(gnd), O3(exc)",tanh,0.0001,16,3741,3641,7.115197588670223e-05,2.4812714254949242e-05,1.8823295613401568e-05,2.2735301172360778e-05,0.004768154902303487,4.203895392974451e-45,6.483745362808791e-23,196.31352615356445,0.011511137709021568,0.05553091689944267,0.003209145972505212,0.013677396811544895,0.001995438477024436,0.009726803749799728
O2_novib,3__O2(X)_O3(X)_O(3P),2026-04-23_14-32-46,34,34,34,34,"30, 30",2,1233,6,3,2,11,3,"O2(X), O3(X), O(3P)","O2(a), O2(b), O2(Hz), O2+(X), O(1D), O+(gnd), O-(gnd), O3(exc)",tanh,0.0001,16,5000,4995,0.00010591588928946294,8.390825416427106e-05,6.76026803557761e-05,8.04558876552619e-05,0.008969720600735672,2.1019476964872256e-44,1.4498095380039496e-22,222.60659909248352,0.023701457306742668,0.15041983127593994,0.005140149965882301,0.022279497236013412,0.005275445524603128,0.025063734501600266
O2_novib,3__O2(X)_O3(X)_O(3P),2026-04-23_14-32-46,34,34,34,34,"50, 50",2,3053,6,3,2,11,3,"O2(X), O3(X), O(3P)","O2(a), O2(b), O2(Hz), O2+(X), O(1D), O+(gnd), O-(gnd), O3(exc)",tanh,0.0001,16,5000,4989,6.488298129018707e-05,5.856714109540917e-05,5.021273624151945e-05,5.96839417994488e-05,0.007725538285417321,9.80908925027372e-45,9.904084637296735e-23,409.2176470756531,0.020693862810730934,0.12664538621902466,0.004287221468985081,0.023185230791568756,0.00295517616905272,0.015401989221572876
O2_novib,3__O2(X)_O3(X)_O(3P),2026-04-23_14-32-46,34,34,34,34,"30, 30, 30",3,2163,6,3,2,11,3,"O2(X), O3(X), O(3P)","O2(a), O2(b), O2(Hz), O2+(X), O(1D), O+(gnd), O-(gnd), O3(exc)",tanh,0.0001,16,2987,2887,6.289016891160928e-05,2.5591698940843343e-05,2.0228077919455244e-05,2.0777837562491186e-05,0.004558271334891242,4.203895392974451e-45,6.483745362808791e-23,233.62921857833862,0.011617067269980907,0.06243949010968208,0.0020932313054800034,0.008954266086220741,0.0020916289649903774,0.011187909170985222
O2_novib,3__O2(X)_O3(X)_O(3P),2026-04-23_14-32-46,35,35,35,35,"30, 30",2,1233,6,3,2,11,3,"O2(X), O3(X), O(3P)","O2(a), O2(b), O2(Hz), O2+(X), O(1D), O+(gnd), O-(gnd), O3(exc)",tanh,0.0001,16,5000,4985,0.00012667623316196518,0.00020629088627174496,9.796543483389541e-05,0.00011052881018258631,0.01051326829214333,1.8216880036222622e-44,1.3496992270955266e-22,314.54949498176575,0.026505978778004646,0.18037259578704834,0.00805283710360527,0.0464138388633728,0.004477875307202339,0.021032923832535744
O2_novib,3__O2(X)_O3(X)_O(3P),2026-04-23_14-32-46,35,35,35,35,"50, 50",2,3053,6,3,2,11,3,"O2(X), O3(X), O(3P)","O2(a), O2(b), O2(Hz), O2+(X), O(1D), O+(gnd), O-(gnd), O3(exc)",tanh,0.0001,16,5000,4960,0.00010455289941294015,0.00018590747262351215,5.7156171533279124e-05,6.79782751831226e-05,0.008244893885498018,9.80908925027372e-45,9.904084637296735e-23,357.7850761413574,0.02135346084833145,0.12978366017341614,0.004950608126819134,0.021078821271657944,0.0031115931924432516,0.011297046206891537
O2_novib,3__O2(X)_O3(X)_O(3P),2026-04-23_14-32-46,35,35,35,35,"30, 30, 30",3,2163,6,3,2,11,3,"O2(X), O3(X), O(3P)","O2(a), O2(b), O2(Hz), O2+(X), O(1D), O+(gnd), O-(gnd), O3(exc)",tanh,0.0001,16,3601,3501,4.293285048738148e-05,2.8990543287363836e-05,1.7413711902918293e-05,1.8537271898821928e-05,0.00430549322364139,5.605193857299268e-45,7.486784261149288e-23,268.6091206073761,0.010331284254789352,0.05421925336122513,0.002924395492300391,0.013113651424646378,0.0024734956678003073,0.011299049481749535
O2_novib,3__O2(X)_O3(X)_O(3P),2026-04-23_14-32-46,36,36,36,36,"30, 30",2,1233,6,3,2,11,3,"O2(X), O3(X), O(3P)","O2(a), O2(b), O2(Hz), O2+(X), O(1D), O+(gnd), O-(gnd), O3(exc)",tanh,0.0001,16,5000,4994,0.00019173343850222105,0.0001148735752212815,0.0001114493134082295,0.00012963269546162337,0.011385635487825146,7.006492321624085e-45,8.370479270402673e-23,287.2418806552887,0.02817053720355034,0.19146615266799927,0.010657992213964462,0.05577794089913368,0.002608469920232892,0.017366578802466393
O2_novib,3__O2(X)_O3(X)_O(3P),2026-04-23_14-32-46,36,36,36,36,"50, 50",2,3053,6,3,2,11,3,"O2(X), O3(X), O(3P)","O2(a), O2(b), O2(Hz), O2+(X), O(1D), O+(gnd), O-(gnd), O3(exc)",tanh,0.0001,16,3444,3344,0.00015910263124775762,0.00016608709876891225,0.00013416137982858345,0.00015374452050309628,0.012399375811027596,1.401298464324817e-44,1.183764530776631e-22,248.8188111782074,0.030686521902680397,0.2184305638074875,0.010855858214199543,0.06015167012810707,0.003836384741589427,0.021559586748480797
O2_novib,3__O2(X)_O3(X)_O(3P),2026-04-23_14-32-46,36,36,36,36,"30, 30, 30",3,2163,6,3,2,11,3,"O2(X), O3(X), O(3P)","O2(a), O2(b), O2(Hz), O2+(X), O(1D), O+(gnd), O-(gnd), O3(exc)",tanh,0.0001,16,2927,2827,0.00010220387681329157,0.0001361137433559634,2.901357729570009e-05,2.934956683020573e-05,0.005417524049804092,7.006492321624085e-45,8.370479270402673e-23,153.46908140182495,0.012905605137348175,0.05133122578263283,0.004786762408912182,0.020130563527345657,0.0029245170298963785,0.013527525588870049
O2_novib,3__O2(X)_O3(X)_O(3P),2026-04-23_14-32-46,37,37,37,37,"30, 30",2,1233,6,3,2,11,3,"O2(X), O3(X), O(3P)","O2(a), O2(b), O2(Hz), O2+(X), O(1D), O+(gnd), O-(gnd), O3(exc)",tanh,0.0001,16,5000,4955,0.00011618794294513969,8.472539673675783e-05,8.172341913450509e-05,9.63767888606526e-05,0.009817168067250992,9.80908925027372e-45,9.904084637296735e-23,221.83629941940308,0.02572036348283291,0.15185672044754028,0.007959641516208649,0.03532087802886963,0.002912209602072835,0.014982922933995724
O2_novib,3__O2(X)_O3(X)_O(3P),2026-04-23_14-32-46,37,37,37,37,"50, 50",2,3053,6,3,2,11,3,"O2(X), O3(X), O(3P)","O2(a), O2(b), O2(Hz), O2+(X), O(1D), O+(gnd), O-(gnd), O3(exc)",tanh,0.0001,16,5000,5000,8.048760296434113e-05,5.334807494364213e-05,5.334807494364213e-05,6.17864279774949e-05,0.007860434337712828,1.1210387714598537e-44,1.0587911840678754e-22,383.11774253845215,0.020452184602618217,0.11393500864505768,0.0059127951972186565,0.026407472789287567,0.003545527346432209,0.015025866217911243
O2_novib,3__O2(X)_O3(X)_O(3P),2026-04-23_14-32-46,37,37,37,37,"30, 30, 30",3,2163,6,3,2,11,3,"O2(X), O3(X), O(3P)","O2(a), O2(b), O2(Hz), O2+(X), O(1D), O+(gnd), O-(gnd), O3(exc)",tanh,0.0001,16,3095,2995,4.1707382325613353e-05,3.4993851295439525e-05,2.5054791149159427e-05,2.5988585548475385e-05,0.0050979001116612105,9.80908925027372e-45,9.904084637296735e-23,249.136577129364,0.012236450798809528,0.057266537100076675,0.003114514285698533,0.015971926972270012,0.0030520495492964983,0.016543108969926834
O2_novib,3__O2(X)_O3(X)_O(3P),2026-04-23_14-32-46,38,38,38,38,"30, 30",2,1233,6,3,2,11,3,"O2(X), O3(X), O(3P)","O2(a), O2(b), O2(Hz), O2+(X), O(1D), O+(gnd), O-(gnd), O3(exc)",tanh,0.0001,16,5000,4998,6.517626846390258e-05,4.1504941327730195e-05,4.1334270936204123e-05,4.664774678531103e-05,0.006829915576733802,8.407790785948902e-45,9.169400627057857e-23,293.36829137802124,0.017733240500092506,0.10523122549057007,0.004892259370535612,0.017150457948446274,0.0028578618075698614,0.011989057064056396
O2_novib,3__O2(X)_O3(X)_O(3P),2026-04-23_14-32-46,38,38,38,38,"50, 50",2,3053,6,3,2,11,3,"O2(X), O3(X), O(3P)","O2(a), O2(b), O2(Hz), O2+(X), O(1D), O+(gnd), O-(gnd), O3(exc)",tanh,0.0001,16,5000,4987,6.98227731401049e-05,5.12351882935036e-05,4.129114502575248e-05,4.491929939831607e-05,0.00670218616559672,4.203895392974451e-45,6.483745362808791e-23,326.26830887794495,0.017261028289794922,0.09541714191436768,0.005088459700345993,0.02276023104786873,0.0019009331008419394,0.008614853024482727
O2_novib,3__O2(X)_O3(X)_O(3P),2026-04-23_14-32-46,38,38,38,38,"30, 30, 30",3,2163,6,3,2,11,3,"O2(X), O3(X), O(3P)","O2(a), O2(b), O2(Hz), O2+(X), O(1D), O+(gnd), O-(gnd), O3(exc)",tanh,0.0001,16,3107,3007,6.282845125598316e-05,0.00010135694043128751,2.4969468031486032e-05,2.5759596610441804e-05,0.005075391276585659,5.605193857299268e-45,7.486784261149288e-23,163.19713854789734,0.01177728921175003,0.07016123086214066,0.004109250847250223,0.019696498289704323,0.0025294835213571787,0.011209563352167606
O2_novib,3__O2(X)_O3(X)_O(3P),2026-04-23_14-32-46,39,39,39,39,"30, 30",2,1233,6,3,2,11,3,"O2(X), O3(X), O(3P)","O2(a), O2(b), O2(Hz), O2+(X), O(1D), O+(gnd), O-(gnd), O3(exc)",tanh,0.0001,16,5000,4971,0.00012299263151362537,0.0001110249781049788,8.086167013971135e-05,9.974807471735403e-05,0.009987395792565449,2.1019476964872256e-44,1.4498095380039496e-22,221.86610627174377,0.025560462847352028,0.18328441679477692,0.008698816411197186,0.03885910287499428,0.005033637396991253,0.02640466019511223
O2_novib,3__O2(X)_O3(X)_O(3P),2026-04-23_14-32-46,39,39,39,39,"50, 50",2,3053,6,3,2,11,3,"O2(X), O3(X), O(3P)","O2(a), O2(b), O2(Hz), O2+(X), O(1D), O+(gnd), O-(gnd), O3(exc)",tanh,0.0001,16,5000,4967,7.344501088179338e-05,8.60028387978673e-05,4.686940621468238e-05,6.1177255702205e-05,0.007821589077815645,8.407790785948902e-45,9.169400627057857e-23,298.9641532897949,0.02074042707681656,0.1196298748254776,0.0052842674776911736,0.02183978445827961,0.002820858731865883,0.013037003576755524
O2_novib,3__O2(X)_O3(X)_O(3P),2026-04-23_14-32-46,39,39,39,39,"30, 30, 30",3,2163,6,3,2,11,3,"O2(X), O3(X), O(3P)","O2(a), O2(b), O2(Hz), O2+(X), O(1D), O+(gnd), O-(gnd), O3(exc)",tanh,0.0001,16,3959,3859,4.779769114975352e-05,4.238058761984576e-05,2.2037063899915665e-05,2.2024536519893445e-05,0.004693030632746119,1.2611686178923354e-44,1.123017639172393e-22,207.67073440551758,0.010932408273220062,0.05553514510393143,0.0031921514309942722,0.014891833066940308,0.0038190078921616077,0.020879419520497322
O2_novib,3__O2(X)_O3(X)_O(3P),2026-04-23_14-32-46,40,40,40,40,"30, 30",2,1233,6,3,2,11,3,"O2(X), O3(X), O(3P)","O2(a), O2(b), O2(Hz), O2+(X), O(1D), O+(gnd), O-(gnd), O3(exc)",tanh,0.0001,16,3413,3313,0.00014246699707453242,0.00013161824055714532,0.00011292557086562737,0.000124708007206209,0.011167273937994403,3.363116314379561e-44,1.8338801254115713e-22,151.4295618534088,0.025937503203749657,0.13786843419075012,0.011960798874497414,0.057996880263090134,0.006525115575641394,0.03214492276310921
O2_novib,3__O2(X)_O3(X)_O(3P),2026-04-23_14-32-46,40,40,40,40,"50, 50",2,3053,6,3,2,11,3,"O2(X), O3(X), O(3P)","O2(a), O2(b), O2(Hz), O2+(X), O(1D), O+(gnd), O-(gnd), O3(exc)",tanh,0.0001,16,4751,4651,0.0001473516443608484,8.616467821411788e-05,7.22111236245837e-05,8.727318345336244e-05,0.00934201174551619,2.1019476964872256e-44,1.4498095380039496e-22,287.66482162475586,0.02347063459455967,0.1290854662656784,0.006713103502988815,0.03640249744057655,0.004941076505929232,0.028420407325029373
O2_novib,3__O2(X)_O3(X)_O(3P),2026-04-23_14-32-46,40,40,40,40,"30, 30, 30",3,2163,6,3,2,11,3,"O2(X), O3(X), O(3P)","O2(a), O2(b), O2(Hz), O2+(X), O(1D), O+(gnd), O-(gnd), O3(exc)",tanh,0.0001,16,3481,3381,8.025562330052102e-05,3.8426525570685044e-05,2.7971188974333927e-05,2.6520479877945036e-05,0.005149803867910412,8.407790785948902e-45,9.169400627057857e-23,190.31058621406555,0.012315974570810795,0.0551641471683979,0.0033647462259978056,0.013155708089470863,0.002881256863474846,0.012946953997015953
O2_novib,3__O2(X)_O3(X)_O(3P),2026-04-23_14-32-46,41,41,41,41,"30, 30",2,1233,6,3,2,11,3,"O2(X), O3(X), O(3P)","O2(a), O2(b), O2(Hz), O2+(X), O(1D), O+(gnd), O-(gnd), O3(exc)",tanh,0.0001,16,5000,4982,0.00011928887803353265,0.00013532881683204324,7.262071070726961e-05,8.990481001092121e-05,0.009481814700305064,8.407790785948902e-45,9.169400627057857e-23,229.5237832069397,0.02293291874229908,0.14114437997341156,0.008533183485269547,0.02654208615422249,0.0027691880241036415,0.01351603027433157
O2_novib,3__O2(X)_O3(X)_O(3P),2026-04-23_14-32-46,41,41,41,41,"50, 50",2,3053,6,3,2,11,3,"O2(X), O3(X), O(3P)","O2(a), O2(b), O2(Hz), O2+(X), O(1D), O+(gnd), O-(gnd), O3(exc)",tanh,0.0001,16,5000,4995,0.00011019737755608124,0.00010774106980534271,6.669320224318653e-05,8.32747682579793e-05,0.009125500986684474,1.1210387714598537e-44,1.0587911840678754e-22,310.8200788497925,0.02343369461596012,0.14844289422035217,0.005423316732048988,0.020449446514248848,0.003712897887453437,0.0169624425470829
O2_novib,3__O2(X)_O3(X)_O(3P),2026-04-23_14-32-46,41,41,41,41,"30, 30, 30",3,2163,6,3,2,11,3,"O2(X), O3(X), O(3P)","O2(a), O2(b), O2(Hz), O2+(X), O(1D), O+(gnd), O-(gnd), O3(exc)",tanh,0.0001,16,2427,2327,7.402492544820739e-05,3.5541770703275685e-05,2.9853777959942818e-05,3.210985960322432e-05,0.005666556238424209,1.2611686178923354e-44,1.123017639172393e-22,133.26629376411438,0.013793081045150757,0.062246717512607574,0.0034374140668660402,0.01172197051346302,0.003787002759054303,0.019338333979249
O2_novib,3__O2(X)_O3(X)_O(3P),2026-04-23_14-32-46,42,42,42,42,"30, 30",2,1233,6,3,2,11,3,"O2(X), O3(X), O(3P)","O2(a), O2(b), O2(Hz), O2+(X), O(1D), O+(gnd), O-(gnd), O3(exc)",tanh,0.0001,16,5000,4958,8.036900413571857e-05,6.189763866132125e-05,5.177783197723329e-05,6.690678128506988e-05,0.008179656550556991,2.1019476964872256e-44,1.4498095380039496e-22,229.06469464302063,0.02068726345896721,0.10020247846841812,0.0060319299809634686,0.025037167593836784,0.005052130203694105,0.021549832075834274
O2_novib,3__O2(X)_O3(X)_O(3P),2026-04-23_14-32-46,42,42,42,42,"50, 50",2,3053,6,3,2,11,3,"O2(X), O3(X), O(3P)","O2(a), O2(b), O2(Hz), O2+(X), O(1D), O+(gnd), O-(gnd), O3(exc)",tanh,0.0001,16,5000,4982,0.00010861641049915407,6.793185093556531e-05,6.160818680655212e-05,8.435628842562437e-05,0.00918456794986157,9.80908925027372e-45,9.904084637296735e-23,312.90888953208923,0.024622660130262375,0.1647309511899948,0.0046727629378438,0.02238347940146923,0.00303830299526453,0.014847653917968273
O2_novib,3__O2(X)_O3(X)_O(3P),2026-04-23_14-32-46,42,42,42,42,"30, 30, 30",3,2163,6,3,2,11,3,"O2(X), O3(X), O(3P)","O2(a), O2(b), O2(Hz), O2+(X), O(1D), O+(gnd), O-(gnd), O3(exc)",tanh,0.0001,16,3119,3019,4.633426312163162e-05,5.8342086122138424e-05,2.35893473654869e-05,2.7335385311744176e-05,0.005228325287483955,7.006492321624085e-45,8.370479270402673e-23,170.70468068122864,0.013019025325775146,0.054746970534324646,0.003419708227738738,0.020505907014012337,0.0027774435002356768,0.01166585274040699
O2_novib,3__O2(X)_O3(X)_O(3P),2026-04-23_14-32-46,43,43,43,43,"30, 30",2,1233,6,3,2,11,3,"O2(X), O3(X), O(3P)","O2(a), O2(b), O2(Hz), O2+(X), O(1D), O+(gnd), O-(gnd), O3(exc)",tanh,0.0001,16,5000,4999,0.0001458529953379184,9.578368801157921e-05,7.681911913095973e-05,0.00010229580948362127,0.010114139087614984,1.1210387714598537e-44,1.0587911840678754e-22,228.58275532722473,0.026323214173316956,0.1689964383840561,0.006692556664347649,0.03633919730782509,0.003732886863872409,0.018800023943185806
O2_novib,3__O2(X)_O3(X)_O(3P),2026-04-23_14-32-46,43,43,43,43,"50, 50",2,3053,6,3,2,11,3,"O2(X), O3(X), O(3P)","O2(a), O2(b), O2(Hz), O2+(X), O(1D), O+(gnd), O-(gnd), O3(exc)",tanh,0.0001,16,5000,4999,9.865935893483563e-05,5.917834278079681e-05,4.881667613517493e-05,6.431903602788225e-05,0.008019914963880992,1.2611686178923354e-44,1.123017639172393e-22,316.9673843383789,0.021020913496613503,0.12392990291118622,0.004294666927307844,0.01628931611776352,0.003820616053417325,0.019115613773465157
O2_novib,3__O2(X)_O3(X)_O(3P),2026-04-23_14-32-46,43,43,43,43,"30, 30, 30",3,2163,6,3,2,11,3,"O2(X), O3(X), O(3P)","O2(a), O2(b), O2(Hz), O2+(X), O(1D), O+(gnd), O-(gnd), O3(exc)",tanh,0.0001,16,3042,2942,4.6830603055746504e-05,7.78640725184232e-05,3.409110402571969e-05,3.4246331779286265e-05,0.00585203654972235,5.605193857299268e-45,7.486784261149288e-23,167.0818088054657,0.014915424399077892,0.08039288967847824,0.004457573406398296,0.02084372006356716,0.002549043856561184,0.010456251911818981
O2_novib,3__O2(X)_O3(X)_O(3P),2026-04-23_14-32-46,44,44,44,44,"30, 30",2,1233,6,3,2,11,3,"O2(X), O3(X), O(3P)","O2(a), O2(b), O2(Hz), O2+(X), O(1D), O+(gnd), O-(gnd), O3(exc)",tanh,0.0001,16,4755,4655,0.00017309652883947517,0.00015298043756047263,0.00012140328501118347,0.00011948034079978243,0.01093070632666446,8.407790785948902e-45,9.169400627057857e-23,218.01117873191833,0.028350377455353737,0.2312328964471817,0.00955997034907341,0.035404499620199203,0.002443106845021248,0.013059981167316437
O2_novib,3__O2(X)_O3(X)_O(3P),2026-04-23_14-32-46,44,44,44,44,"50, 50",2,3053,6,3,2,11,3,"O2(X), O3(X), O(3P)","O2(a), O2(b), O2(Hz), O2+(X), O(1D), O+(gnd), O-(gnd), O3(exc)",tanh,0.0001,16,3395,3295,0.00015732545240704592,0.0002480845007812604,0.0001301711337873712,0.00012898746354039758,0.011357264791330595,1.961817850054744e-44,1.400649081695606e-22,217.41273856163025,0.029469339177012444,0.19051431119441986,0.010479697026312351,0.05147800222039223,0.00486261211335659,0.021147066727280617
O2_novib,3__O2(X)_O3(X)_O(3P),2026-04-23_14-32-46,44,44,44,44,"30, 30, 30",3,2163,6,3,2,11,3,"O2(X), O3(X), O(3P)","O2(a), O2(b), O2(Hz), O2+(X), O(1D), O+(gnd), O-(gnd), O3(exc)",tanh,0.0001,16,3377,3277,2.932060529322674e-05,3.819525743892882e-05,2.1246445830911396e-05,1.858416544564534e-05,0.004310935565007361,7.006492321624085e-45,8.370479270402673e-23,184.3959925174713,0.010322196409106255,0.045123107731342316,0.003013687441125512,0.016386566683650017,0.0027670464478433132,0.012147469446063042
O2_novib,3__O2(X)_O3(X)_O(3P),2026-04-23_14-32-46,45,45,45,45,"30, 30",2,1233,6,3,2,11,3,"O2(X), O3(X), O(3P)","O2(a), O2(b), O2(Hz), O2+(X), O(1D), O+(gnd), O-(gnd), O3(exc)",tanh,0.0001,16,5000,4982,7.417648793004143e-05,6.728038744768127e-05,5.445706919999793e-05,6.876067345729098e-05,0.008292205584601179,5.605193857299268e-45,7.486784261149288e-23,228.90618991851807,0.020843932405114174,0.11200733482837677,0.008475933223962784,0.033074453473091125,0.0023206991609185934,0.009679937735199928
O2_novib,3__O2(X)_O3(X)_O(3P),2026-04-23_14-32-46,45,45,45,45,"50, 50",2,3053,6,3,2,11,3,"O2(X), O3(X), O(3P)","O2(a), O2(b), O2(Hz), O2+(X), O(1D), O+(gnd), O-(gnd), O3(exc)",tanh,0.0001,16,5000,4981,4.906263939725856e-05,4.6993286377983165e-05,3.106445030425675e-05,3.613711669459008e-05,0.006011415531685534,5.605193857299268e-45,7.486784261149288e-23,317.3654263019562,0.015464038588106632,0.08385304361581802,0.0040404293686151505,0.019201921299099922,0.002431452041491866,0.010229185223579407
O2_novib,3__O2(X)_O3(X)_O(3P),2026-04-23_14-32-46,45,45,45,45,"30, 30, 30",3,2163,6,3,2,11,3,"O2(X), O3(X), O(3P)","O2(a), O2(b), O2(Hz), O2+(X), O(1D), O+(gnd), O-(gnd), O3(exc)",tanh,0.0001,16,3611,3511,5.6854826584134975e-05,3.4456959110684696e-05,3.060733084566891e-05,2.845781455107499e-05,0.005334586633571057,1.2611686178923354e-44,1.123017639172393e-22,197.32334065437317,0.012522456236183643,0.06314724683761597,0.004009463358670473,0.01719227060675621,0.0036079518031328917,0.01573309116065502
O2_novib,3__O2(X)_O3(X)_O(3P),2026-04-23_14-32-46,46,46,46,46,"30, 30",2,1233,6,3,2,11,3,"O2(X), O3(X), O(3P)","O2(a), O2(b), O2(Hz), O2+(X), O(1D), O+(gnd), O-(gnd), O3(exc)",tanh,0.0001,16,5000,4977,9.562173948830201e-05,0.0001590516947908327,8.731141919270158e-05,8.640106534585357e-05,0.009295217337203772,1.8216880036222622e-44,1.3496992270955266e-22,228.1522409915924,0.023648908361792564,0.1531078815460205,0.005362747702747583,0.01869925484061241,0.004093118943274021,0.02447296679019928
O2_novib,3__O2(X)_O3(X)_O(3P),2026-04-23_14-32-46,46,46,46,46,"50, 50",2,3053,6,3,2,11,3,"O2(X), O3(X), O(3P)","O2(a), O2(b), O2(Hz), O2+(X), O(1D), O+(gnd), O-(gnd), O3(exc)",tanh,0.0001,16,5000,4994,0.00011086104858097517,0.0003778553078882396,7.141394453356043e-05,7.736756379017606e-05,0.008795883343370128,7.006492321624085e-45,8.370479270402673e-23,321.5427088737488,0.023748958483338356,0.16766518354415894,0.005337819457054138,0.029458381235599518,0.0025753758382052183,0.012637282721698284
O2_novib,3__O2(X)_O3(X)_O(3P),2026-04-23_14-32-46,46,46,46,46,"30, 30, 30",3,2163,6,3,2,11,3,"O2(X), O3(X), O(3P)","O2(a), O2(b), O2(Hz), O2+(X), O(1D), O+(gnd), O-(gnd), O3(exc)",tanh,0.0001,16,3343,3243,4.3224030644826905e-05,5.0146281864726916e-05,2.775560766167473e-05,2.6251540475641377e-05,0.005123625715803349,2.802596928649634e-45,5.293955920339377e-23,182.55077004432678,0.012269082479178905,0.06890347599983215,0.004511312115937471,0.019878359511494637,0.0017664139159023762,0.006967749446630478
O2_novib,3__O2(X)_O3(X)_O(3P),2026-04-23_14-32-46,47,47,47,47,"30, 30",2,1233,6,3,2,11,3,"O2(X), O3(X), O(3P)","O2(a), O2(b), O2(Hz), O2+(X), O(1D), O+(gnd), O-(gnd), O3(exc)",tanh,0.0001,16,3602,3502,0.00018700322365879806,0.00011409216720494442,0.00010716747550759464,0.00012182801583549008,0.01103757291416415,2.6624670822171524e-44,1.6317068003220285e-22,164.649418592453,0.02736060321331024,0.20461410284042358,0.008274153806269169,0.03084496408700943,0.005710304249078035,0.029788509011268616
O2_novib,3__O2(X)_O3(X)_O(3P),2026-04-23_14-32-46,47,47,47,47,"50, 50",2,3053,6,3,2,11,3,"O2(X), O3(X), O(3P)","O2(a), O2(b), O2(Hz), O2+(X), O(1D), O+(gnd), O-(gnd), O3(exc)",tanh,0.0001,16,5000,4997,0.00010131966743049108,0.0001264873321633786,5.251030117506161e-05,6.450328510254622e-05,0.008031393721051548,5.605193857299268e-45,7.486784261149288e-23,327.023535490036,0.02156474068760872,0.14679847657680511,0.00479430565610528,0.018900416791439056,0.0024714763276278973,0.012792731635272503
O2_novib,3__O2(X)_O3(X)_O(3P),2026-04-23_14-32-46,47,47,47,47,"30, 30, 30",3,2163,6,3,2,11,3,"O2(X), O3(X), O(3P)","O2(a), O2(b), O2(Hz), O2+(X), O(1D), O+(gnd), O-(gnd), O3(exc)",tanh,0.0001,16,3403,3303,6.560138124768855e-05,4.414561481098644e-05,1.8586824444355444e-05,1.901159339467995e-05,0.004360228594314747,1.401298464324817e-45,3.743392130574644e-23,186.81676602363586,0.010434245690703392,0.05592234805226326,0.0023947791196405888,0.013305137865245342,0.0015225542010739446,0.008942624554038048
O2_novib,3__O2(X)_O3(X)_O(3P),2026-04-23_14-32-46,48,48,48,48,"30, 30",2,1233,6,3,2,11,3,"O2(X), O3(X), O(3P)","O2(a), O2(b), O2(Hz), O2+(X), O(1D), O+(gnd), O-(gnd), O3(exc)",tanh,0.0001,16,5000,4932,9.992884599745998e-05,7.003504942986183e-05,6.779021423426456e-05,8.24320231913589e-05,0.009079208290999766,2.2420775429197073e-44,1.4973568522298576e-22,229.6753408908844,0.02185528539121151,0.1351279467344284,0.008681494742631912,0.02849835902452469,0.005083184689283371,0.030388861894607544
O2_novib,3__O2(X)_O3(X)_O(3P),2026-04-23_14-32-46,48,48,48,48,"50, 50",2,3053,6,3,2,11,3,"O2(X), O3(X), O(3P)","O2(a), O2(b), O2(Hz), O2+(X), O(1D), O+(gnd), O-(gnd), O3(exc)",tanh,0.0001,16,3173,3073,0.00014316548641848687,0.00012860776187153533,9.441198330023326e-05,0.00012382534623611718,0.01112768377678469,1.2611686178923354e-44,1.123017639172393e-22,207.05202412605286,0.027334555983543396,0.22847092151641846,0.010518158785998821,0.03908371552824974,0.003628034610301256,0.017010098323225975
O2_novib,3__O2(X)_O3(X)_O(3P),2026-04-23_14-32-46,48,48,48,48,"30, 30, 30",3,2163,6,3,2,11,3,"O2(X), O3(X), O(3P)","O2(a), O2(b), O2(Hz), O2+(X), O(1D), O+(gnd), O-(gnd), O3(exc)",tanh,0.0001,16,3160,3060,6.16097662795154e-05,5.389848331105895e-05,1.8699339634622447e-05,1.8593622371554375e-05,0.00431203227858447,4.203895392974451e-45,6.483745362808791e-23,173.52048707008362,0.01085029635578394,0.05659211426973343,0.0023607902694493532,0.018160618841648102,0.0021011235658079386,0.009014983661472797
O2_novib,3__O2(X)_O3(X)_O(3P),2026-04-23_14-32-46,49,49,49,49,"30, 30",2,1233,6,3,2,11,3,"O2(X), O3(X), O(3P)","O2(a), O2(b), O2(Hz), O2+(X), O(1D), O+(gnd), O-(gnd), O3(exc)",tanh,0.0001,16,5000,4991,0.00017133799119619652,0.00016981679975287988,0.0001471084402874112,0.00013124875840730965,0.011456385049713965,1.2611686178923354e-44,1.123017639172393e-22,225.52335858345032,0.02989189699292183,0.2629532814025879,0.009006453678011894,0.036842674016952515,0.00340303685516119,0.020097313448786736
O2_novib,3__O2(X)_O3(X)_O(3P),2026-04-23_14-32-46,49,49,49,49,"50, 50",2,3053,6,3,2,11,3,"O2(X), O3(X), O(3P)","O2(a), O2(b), O2(Hz), O2+(X), O(1D), O+(gnd), O-(gnd), O3(exc)",tanh,0.0001,16,3097,2997,0.00023202615903250665,0.00017107899766415357,0.00017084058286854999,0.0001611821207916364,0.012695752076645023,1.401298464324817e-44,1.183764530776631e-22,202.23268795013428,0.031625084578990936,0.2592284083366394,0.011073260568082333,0.05570094659924507,0.0035796242300421,0.023271607235074043
O2_novib,3__O2(X)_O3(X)_O(3P),2026-04-23_14-32-46,49,49,49,49,"30, 30, 30",3,2163,6,3,2,11,3,"O2(X), O3(X), O(3P)","O2(a), O2(b), O2(Hz), O2+(X), O(1D), O+(gnd), O-(gnd), O3(exc)",tanh,0.0001,16,4418,4318,8.773991333631178e-05,2.442951466946397e-05,2.390312984061893e-05,2.475876681273803e-05,0.004975818205354576,1.401298464324817e-45,3.743392130574644e-23,233.33938455581665,0.01210539136081934,0.06712481379508972,0.0051505304872989655,0.020346609875559807,0.001126346760429442,0.006022056099027395
O2_novib,3__O2(X)_O3(X)_O(3P),2026-04-23_14-32-46,50,50,50,50,"30, 30",2,1233,6,3,2,11,3,"O2(X), O3(X), O(3P)","O2(a), O2(b), O2(Hz), O2+(X), O(1D), O+(gnd), O-(gnd), O3(exc)",tanh,0.0001,16,3395,3295,0.00023600947299403036,0.0001879718154668808,0.00016941080102697014,0.00018465524772182107,0.013588791253154972,1.5414283107572988e-44,1.2415427140285182e-22,151.9987132549286,0.03457983583211899,0.27943506836891174,0.011765722185373306,0.05799286812543869,0.0041652037762105465,0.01783643662929535
O2_novib,3__O2(X)_O3(X)_O(3P),2026-04-23_14-32-46,50,50,50,50,"50, 50",2,3053,6,3,2,11,3,"O2(X), O3(X), O(3P)","O2(a), O2(b), O2(Hz), O2+(X), O(1D), O+(gnd), O-(gnd), O3(exc)",tanh,0.0001,16,5000,4999,7.247578525695846e-05,5.257641198113561e-05,5.080040704342537e-05,5.5240063375094905e-05,0.007432365933879663,8.407790785948902e-45,9.169400627057857e-23,314.3570976257324,0.01882966421544552,0.092847540974617,0.006816694047302008,0.026478009298443794,0.0027917141560465097,0.01278821099549532
O2_novib,3__O2(X)_O3(X)_O(3P),2026-04-23_14-32-46,50,50,50,50,"30, 30, 30",3,2163,6,3,2,11,3,"O2(X), O3(X), O(3P)","O2(a), O2(b), O2(Hz), O2+(X), O(1D), O+(gnd), O-(gnd), O3(exc)",tanh,0.0001,16,4169,4069,5.500977559778322e-05,4.8407088761450724e-05,2.4698324123164638e-05,2.406417297606822e-05,0.00490552474013415,1.961817850054744e-44,1.400649081695606e-22,220.859947681427,0.010873701423406601,0.053408097475767136,0.004446274135261774,0.02424442581832409,0.004338130820542574,0.02405579388141632
O2_novib,3__O2(X)_O3(X)_O(3P),2026-04-23_14-32-46,51,51,51,51,"30, 30",2,1233,6,3,2,11,3,"O2(X), O3(X), O(3P)","O2(a), O2(b), O2(Hz), O2+(X), O(1D), O+(gnd), O-(gnd), O3(exc)",tanh,0.0001,16,5000,4990,0.0001410397421568632,0.00010243358032312244,9.330255852546543e-05,0.0001232097129104659,0.011099987068031471,1.961817850054744e-44,1.400649081695606e-22,223.42268657684326,0.02882823534309864,0.21960653364658356,0.0064123040065169334,0.02943267673254013,0.004503501579165459,0.02872103825211525
O2_novib,3__O2(X)_O3(X)_O(3P),2026-04-23_14-32-46,51,51,51,51,"50, 50",2,3053,6,3,2,11,3,"O2(X), O3(X), O(3P)","O2(a), O2(b), O2(Hz), O2+(X), O(1D), O+(gnd), O-(gnd), O3(exc)",tanh,0.0001,16,5000,4988,9.259528685813873e-05,8.775423077167944e-05,6.23559017549269e-05,7.90464473539032e-05,0.008890806901170625,4.203895392974451e-45,6.483745362808791e-23,312.7780911922455,0.023272840306162834,0.16487377882003784,0.006657617632299662,0.027460865676403046,0.0020167597103863955,0.008434737101197243
O2_novib,3__O2(X)_O3(X)_O(3P),2026-04-23_14-32-46,51,51,51,51,"30, 30, 30",3,2163,6,3,2,11,3,"O2(X), O3(X), O(3P)","O2(a), O2(b), O2(Hz), O2+(X), O(1D), O+(gnd), O-(gnd), O3(exc)",tanh,0.0001,16,3389,3289,4.6569371334044264e-05,0.00011392710701329633,2.3450812477676664e-05,2.2734648155164905e-05,0.004768086424884191,8.407790785948902e-45,9.169400627057857e-23,179.76985907554626,0.011534284800291061,0.054990824311971664,0.002989118453115225,0.014245535247027874,0.00290600024163723,0.014011398889124393
