sample_id,K1_true_scaled,K1_pred_scaled,K1_true_raw,K1_pred_raw,K1_abs_err,K1_sq_err,K1_rel_err,K1_rel_err_percent,K2_true_scaled,K2_pred_scaled,K2_true_raw,K2_pred_raw,K2_abs_err,K2_sq_err,K2_rel_err,K2_rel_err_percent,K3_true_scaled,K3_pred_scaled,K3_true_raw,K3_pred_raw,K3_abs_err,K3_sq_err,K3_rel_err,K3_rel_err_percent,K4_true_scaled,K4_pred_scaled,K4_true_raw,K4_pred_raw,K4_abs_err,K4_sq_err,K4_rel_err,K4_rel_err_percent,K5_true_scaled,K5_pred_scaled,K5_true_raw,K5_pred_raw,K5_abs_err,K5_sq_err,K5_rel_err,K5_rel_err_percent,K6_true_scaled,K6_pred_scaled,K6_true_raw,K6_pred_raw,K6_abs_err,K6_sq_err,K6_rel_err,K6_rel_err_percent,K7_true_scaled,K7_pred_scaled,K7_true_raw,K7_pred_raw,K7_abs_err,K7_sq_err,K7_rel_err,K7_rel_err_percent,K8_true_scaled,K8_pred_scaled,K8_true_raw,K8_pred_raw,K8_abs_err,K8_sq_err,K8_rel_err,K8_rel_err_percent,K9_true_scaled,K9_pred_scaled,K9_true_raw,K9_pred_raw,K9_abs_err,K9_sq_err,K9_rel_err,K9_rel_err_percent
124,0.9022023,1.1377301,4.5338e-15,5.2038569530987875e-15,6.700569530987879e-16,4.489763203960312e-31,0.14779146700312937,14.779146700312937,-1.3987905,-0.56903803,2.8237e-15,4.4624424581121016e-15,1.6387424581121015e-15,2.6854768440192928e-30,0.5803528909275424,58.03528909275424,-0.7385083,-1.2237046,2.9872e-15,2.2493756540950995e-15,7.378243459049006e-16,5.443847654099944e-31,0.2469952952279394,24.699529522793938,0.20206553,0.08248543,1.1855e-14,1.1055175569313442e-14,7.998244306865587e-16,6.397191199230778e-31,0.06746726534682064,6.746726534682064,0.9193846,1.1645162,5.4297e-21,6.2792252728296874e-21,8.495252728296872e-22,7.216931891763545e-43,0.15645897062999561,15.64589706299956,0.28802517,0.50909895,1.6806e-43,1.9096395104536878e-43,2.290395104536877e-44,5.245909734886491e-88,0.13628436894780893,13.628436894780894,0.120268725,-0.61490834,1.6713e-44,1.0781435584218974e-44,5.931564415781026e-45,3.5183456418559704e-89,0.3549072228672905,35.490722286729046,-0.35391173,-1.3451078,21.105,12.08310931785773,9.02189068214227,81.39451148052552,0.4274764597082336,42.74764597082336,0.2986931,0.055111494,288.85,249.71134067341941,39.13865932658061,1531.8346538821352,0.13549821473630122,13.549821473630121
35,-0.55356646,-1.0181428,1.934e-15,1.4735920776448056e-15,4.604079223551942e-16,2.1197545496742654e-31,0.2380599391702142,23.80599391702142,0.85898757,0.34098202,9.8092e-15,7.371460535408328e-15,2.4377394645916723e-15,5.9425736972276935e-30,0.24851562457607881,24.85156245760788,0.98623246,0.53241074,8.1887e-15,6.280285216510574e-15,1.9084147834894257e-15,3.6420469858409916e-30,0.23305467088663961,23.30546708866396,1.1906554,0.84813213,2.112e-14,1.7290208959702156e-14,3.829791040297843e-15,1.4667299412345637e-29,0.18133480304440547,18.133480304440546,0.7188741,0.039127693,4.821e-21,3.2216466960909895e-21,1.5993533039090101e-21,2.5579309907246665e-42,0.331747210933211,33.174721093321104,-0.86590976,-1.452162,8.6266e-44,6.14747720502363e-44,2.47912279497637e-44,6.146049832571448e-88,0.2873812156558053,28.73812156558053,0.646934,0.22397977,2.2879e-44,1.777914672858148e-44,5.099853271418521e-45,2.6008503389998192e-89,0.2229054273096954,22.29054273096954,-0.03254251,0.5003972,25.288,34.13049184497024,8.842491844970237,78.18966202836515,0.349671458595786,34.9671458595786,1.1905985,0.7899561,492.28,387.4403852059266,104.83961479407338,10991.34483016969,0.2129674469693536,21.29674469693536
32,0.5985341,0.7565821,3.7956e-15,4.1634250182913e-15,3.678250182912993e-16,1.3529524408099467e-31,0.0969082670174147,9.69082670174147,0.76918846,0.7897111,9.3352e-15,9.441467564030779e-15,1.0626756403077837e-16,1.129279516503558e-32,0.011383533725124085,1.1383533725124084,0.7080004,1.2518014,6.9593e-15,9.564205763511857e-15,2.6049057635118564e-15,6.785534036777288e-30,0.3743057151598374,37.43057151598374,-2.6122386,-1.5875509,2.2906e-15,4.1677262092669986e-15,1.8771262092669984e-15,3.523602805517091e-30,0.8194910544254773,81.94910544254773,1.1735357,1.0681691,6.3129e-21,5.9305259531101646e-21,3.8237404688983513e-22,1.4620991173490984e-43,0.06057026832198121,6.057026832198121,0.39095053,0.47604483,1.7836e-43,1.8735063984104228e-43,8.99063984104228e-45,8.083160475133675e-89,0.05040726531196613,5.040726531196613,0.64957076,1.1669587,2.2915e-44,3.1196083765785045e-44,8.281083765785046e-45,6.857634833594863e-89,0.36138266488261167,36.138266488261166,0.5487606,-0.032368697,35.072,25.29047324726543,9.781526752734571,95.67826561446212,0.2788984589625505,27.88984589625505,0.758089,1.2043738,380.13,496.350287211295,116.22028721129499,13507.155159475897,0.3057382664122668,30.57382664122668
94,-0.7110693,-0.83611,1.7637e-15,1.6392443801459742e-15,1.2445561985402588e-16,1.54892013132498e-32,0.07056507334241985,7.056507334241985,0.5117048,0.119551934,8.0993e-15,6.5239927351218396e-15,1.57530726487816e-15,2.4815929787779096e-30,0.19449918695173166,19.449918695173167,-1.0674189,-1.0782322,2.4646e-15,2.449067319014743e-15,1.5532680985256888e-17,2.412641785897609e-34,0.006302313148282435,0.6302313148282436,1.0701978,1.1824187,1.9685e-14,2.1018629340749168e-14,1.3336293407491675e-15,1.778567218507059e-30,0.06774850600706972,6.774850600706972,-1.7346416,-0.14769624,1.1253e-21,2.8837924931242958e-21,1.758492493124296e-21,3.092295848374502e-42,1.562687721606946,156.2687721606946,-0.016613593,-0.38362324,1.4093e-43,1.1399561717522003e-43,2.693438282477996e-44,7.254609781518017e-88,0.19111887337529243,19.111887337529243,-0.8357738,-0.4601031,9.4511e-45,1.1823993809246336e-44,2.3728938092463368e-45,5.630625029959591e-90,0.25107064883943003,25.107064883943004,0.3957004,0.61042696,32.178,36.310246239410986,4.132246239410989,17.07545898312626,0.1284183678106467,12.84183678106467,0.84854656,0.8605875,401.25,404.1484224863741,2.898422486374102,8.400852909519031,0.007223482832084989,0.722348283208499
156,0.8093083,1.009705,4.2939e-15,4.828206032624878e-15,5.343060326248784e-16,2.854829364993376e-31,0.12443373917065567,12.443373917065568,-1.4316404,0.11128644,2.773e-15,6.494318741940626e-15,3.721318741940626e-15,1.3848213179118564e-29,1.3419829577860174,134.19829577860173,0.6155475,0.57250994,6.5931e-15,6.429266997977518e-15,1.6383300202248198e-16,2.684125255169858e-32,0.02484916079271996,2.484916079271996,0.1000214,-0.0040977746,1.1169e-14,1.0509949097632585e-14,6.590509023674151e-16,4.343480919113041e-31,0.05900715394103457,5.900715394103457,-0.50266325,-0.21091166,2.3364e-21,2.7776898720924732e-21,4.412898720924732e-22,1.947367512113913e-43,0.18887599387625115,18.887599387625116,0.80057436,0.913336,2.26e-43,2.412183508584438e-43,1.5218350858443806e-44,2.3159820285069735e-88,0.067337835656831,6.7337835656831,-0.72573584,-0.7824048,1.0092e-44,9.756690775208638e-45,3.3530922479136238e-46,1.1243227623018439e-91,0.03322525017750321,3.322525017750321,1.047672,-0.29992846,46.438,21.755877179804106,24.682122820195897,609.207186911235,0.5315070162409211,53.150701624092115,0.28543568,0.3329852,286.57,294.8320165522987,8.26201655229869,68.26091751045752,0.02883070995672502,2.8830709956725022
111,1.2456108,1.2471699,5.543e-15,5.548059765688275e-15,5.059765688274997e-18,2.5601228820244955e-35,0.0009128207988950021,0.09128207988950021,-2.3730185,-0.52763045,1.6499e-15,4.56552958506021e-15,2.9156295850602095e-15,8.50089587727837e-30,1.767155333693078,176.71553336930782,0.6375848,-0.39277905,6.6786e-15,3.656392121593754e-15,3.0222078784062464e-15,9.133740460300785e-30,0.45252116886866206,45.252116886866204,0.861328,0.11837155,1.7424e-14,1.1289364266166863e-14,6.1346357338331365e-15,3.7633755586822427e-29,0.35207964496287514,35.20796449628752,0.7628248,0.7339418,4.9483e-21,4.8642693427886514e-21,8.403065721134846e-23,7.061151351371149e-45,0.016981722452427794,1.6981722452427794,0.39434266,0.403395,1.7871e-43,1.79647380123293e-43,9.373801232930046e-46,8.786814955448085e-91,0.005245258369945748,0.5245258369945748,0.76064223,-0.60107,2.4484e-44,1.0870764899967362e-44,1.3613235100032639e-44,1.8532016988876063e-88,0.5560053545185688,55.60053545185688,-2.5365322,-1.7371387,6.1808,9.691317441345497,3.510517441345497,12.323732705990937,0.567971369619709,56.79713696197089,1.0252824,0.1430518,445.96,263.18897089151216,182.77102910848782,33405.2490813757,0.4098372704020267,40.98372704020267
96,-0.937064,-1.1794323,1.5452e-15,1.3408589563015188e-15,2.0434104369848116e-16,4.175526213978459e-32,0.1322424564447846,13.224245644478462,0.6439005,-0.53705055,8.7119e-15,4.541870279127874e-15,4.1700297208721264e-15,1.7389147872956865e-29,0.4786590434775567,47.865904347755674,-1.0485779,-0.4376164,2.4919e-15,3.5617837347649236e-15,1.0698837347649235e-15,1.144651205914541e-30,0.42934457031378603,42.93445703137861,0.08647977,0.08885146,1.1081e-14,1.1096362163900755e-14,1.5362163900754595e-17,2.3599607971364764e-34,0.0013863517643493,0.13863517643493,1.1525159,0.93134576,6.2347e-21,5.468349442421283e-21,7.663505575787172e-22,5.872931771012107e-43,0.12291699000412484,12.291699000412484,0.5392442,0.4610482,1.9432e-43,1.857339053496121e-43,8.586094650387911e-45,7.372102134541989e-89,0.04418533681755821,4.418533681755821,0.13674483,0.86058015,1.6878e-44,2.598733849531481e-44,9.109338495314811e-45,8.298004782222431e-89,0.5397167019383109,53.97167019383109,-2.0488293,-0.76750034,8.1324,16.723288622554794,8.590888622554793,73.8033673251414,1.0563780215624898,105.63780215624898,-0.71283066,-0.14357,157.79,221.7482945845136,63.958294584513595,4090.6634461594213,0.4053380732905355,40.53380732905355
133,1.122341,0.94130534,5.1572e-15,4.638750221393016e-15,5.184497786069841e-16,2.687901729376308e-31,0.10052931408651672,10.052931408651672,0.46278736,-0.33522087,7.8837e-15,5.0766805109449664e-15,2.8070194890550335e-15,7.879358411934781e-30,0.3560535648306041,35.605356483060405,-1.6103064,-2.0170095,1.7943e-15,1.4145683534579522e-15,3.797316465420478e-16,1.4419612338553473e-31,0.21163219447252288,21.16321944725229,-0.08206944,0.1460926,1.0042e-14,1.1473659390491787e-14,1.4316593904917863e-15,2.049648610383313e-30,0.1425671569898214,14.25671569898214,1.280275,-0.33449352,6.7254e-21,2.5814098796634763e-21,4.143990120336524e-21,1.7172654117446717e-41,0.6161700598234341,61.61700598234341,-0.82580066,-0.96908915,8.8289e-44,8.127234493460946e-44,7.016655065390548e-45,4.923344830667083e-89,0.07947371773822953,7.947371773822953,0.5582031,0.20260102,2.17e-44,1.7553946773004958e-44,4.146053226995042e-45,1.7189757361076e-89,0.19106236069101576,19.106236069101577,0.54652953,0.1451528,35.028,27.947035677345415,7.080964322654584,50.14005573870709,0.2021515451254592,20.21515451254592,1.113366,0.88462794,470.07,409.9980800964063,60.07191990359371,3608.6355609037782,0.12779356245579107,12.779356245579107
159,-1.4452227,-1.6853046,1.1477e-15,9.97258851565987e-16,1.5044114843401301e-16,2.2632539142144736e-32,0.13108055104470942,13.108055104470942,-0.07199803,-0.15362722,5.8699e-15,5.6114839134593865e-15,2.584160865406137e-16,6.677887378296593e-32,0.04402393337886738,4.402393337886738,-0.23254572,-0.8470734,4.0155e-15,2.8034780882456533e-15,1.2120219117543466e-15,1.468997114572661e-30,0.3018358639657195,30.183586396571947,0.800015,-0.08363035,1.6811e-14,1.0032848012626712e-14,6.7781519873732876e-15,4.594334436393245e-29,0.4031974295029021,40.31974295029021,-0.33208463,-0.927632,2.5851e-21,1.815943835191363e-21,7.69156164808637e-22,5.9160120586313115e-43,0.29753439511378166,29.753439511378165,0.7771411,0.88286835,2.2296e-43,2.37008166935392e-43,1.4048166935392014e-44,1.9735099424464146e-88,0.06300756608984578,6.300756608984578,1.1447119,0.6598431,3.0785e-44,2.3055785650845107e-44,7.729214349154893e-45,5.974075445518189e-89,0.2510707925663438,25.10707925663438,-0.27437,1.1905173,22.071,50.32443281891234,28.25343281891234,798.2564660527929,1.2801156639441955,128.01156639441956,0.89151734,0.41346803,411.69,309.3628028496363,102.3271971503637,10470.855276649401,0.24855400216270424,24.855400216270425
97,1.3296688,1.0332975,5.8225e-15,4.895332690868625e-15,9.271673091313751e-16,8.59639219121915e-31,0.15923869628705453,15.923869628705454,0.114098735,-0.27338213,6.5044e-15,5.2528176766112725e-15,1.2515823233887272e-15,1.5664583122191246e-30,0.1924208725460807,19.24208725460807,-1.99284,-2.1691527,1.4347e-15,1.2941700049877359e-15,1.4052999501226416e-16,1.974867949814699e-32,0.0979507876296537,9.795078762965371,0.37432954,0.07824709,1.311e-14,1.1027839408165045e-14,2.082160591834955e-15,4.33539273019049e-30,0.15882231821776924,15.882231821776923,-0.038941752,-1.487997,3.0759e-21,1.3025313453832946e-21,1.7733686546167054e-21,3.144836385177064e-42,0.5765365111403835,57.653651114038354,0.35358784,-0.08532032,1.7455e-43,1.3544370792439754e-43,3.9106292075602463e-44,1.529302079902328e-87,0.22404063062504992,22.404063062504992,-0.11147947,0.6651177,1.4556e-44,2.312841165684429e-44,8.572411656844291e-45,7.348624161439989e-89,0.5889263298189262,58.892632981892625,1.245068,0.84876734,51.893,41.52116814335071,10.371831856649294,107.57489606260513,0.19986957502262914,19.986957502262914,1.1949767,0.80212665,493.57,390.2692909744188,103.30070902558117,10671.036485187788,0.20929292506753078,20.92929250675308
62,-1.2683067,-0.7670152,1.2729e-15,1.7068886773883396e-15,4.339886773883395e-16,1.8834617210128023e-31,0.34094483257784547,34.094483257784546,-0.88141066,-0.92049444,3.7562e-15,3.676095661391608e-15,8.010433860839165e-17,6.416705063887865e-33,0.021325898143973072,2.132589814397307,-2.331756,-2.075331,1.1768e-15,1.3671456870546237e-15,1.9034568705462374e-16,3.6231480580296755e-32,0.16174854440399708,16.17485444039971,-0.5287861,-1.0353018,7.7356e-15,5.754367299961582e-15,1.9812327000384187e-15,3.925283011701523e-30,0.25611881431801264,25.611881431801265,-2.1112194,-0.4524586,9.0009e-22,2.407003407066136e-21,1.506913407066136e-21,2.27078801639567e-42,1.6741808119922852,167.4180811992285,0.3875517,0.47158706,1.7801e-43,1.868685991820012e-43,8.858599182001198e-45,7.847477946735229e-89,0.04976461536992977,4.976461536992978,0.8015798,1.019689,2.5089e-44,2.8573526058960744e-44,3.4845260589607434e-45,1.214192185557649e-89,0.13888660604092404,13.888660604092404,0.014138733,0.9346066,25.961,43.57577028654414,17.614770286544143,310.2801322477184,0.6785089282594716,67.85089282594716,0.9470683,0.90087485,425.59,413.9992396058594,11.590760394140602,134.3457265143784,0.027234569407506293,2.723456940750629
25,0.55476075,0.67495,3.6996e-15,3.969197479142584e-15,2.6959747914258466e-16,7.268280076003637e-32,0.07287206161276481,7.287206161276481,0.1550544,0.4429157,6.653e-15,7.797765095351139e-15,1.1447650953511393e-15,1.310487123534303e-30,0.1720675026831714,17.20675026831714,0.70849186,0.6869222,6.9613e-15,6.874059989988863e-15,8.724001001113656e-17,7.610819346743207e-33,0.012532143423087148,1.2532143423087148,0.34402907,0.26573768,1.288e-14,1.2304227547403584e-14,5.757724525964156e-16,3.3151391716889165e-31,0.044702830170529166,4.470283017052917,0.16814531,0.22539452,3.4778e-21,3.597893801629916e-21,1.2009380162991637e-22,1.4422521189925704e-44,0.03453154339810121,3.453154339810121,0.4324556,0.57263863,1.8269e-43,1.9810668839249536e-43,1.5416688392495349e-44,2.3767428099130083e-88,0.08438714977555065,8.438714977555065,-0.42890593,-0.54961044,1.2046e-44,1.120948898586528e-44,8.36511014134719e-46,6.997506767686961e-91,0.06944305280879289,6.944305280879289,0.592953,0.12829247,35.955,27.683168233014026,8.271831766985972,68.42320078131827,0.23006068048911063,23.006068048911064,0.86224896,0.8452294,404.55,400.45517243114756,4.094827568852452,16.76761281863408,0.01012193194624262,1.012193194624262
108,-2.2185974,-1.6442832,7.299e-16,1.0214900310942688e-15,2.9159003109426877e-16,8.502474623355663e-32,0.39949312384473046,39.949312384473046,-0.96852005,-0.66889185,3.58e-15,4.223322311418115e-15,6.433223114181155e-16,4.138635963683468e-31,0.17969896966986468,17.969896966986468,0.45443752,-0.026243126,6.0004e-15,4.5302745440046375e-15,1.4701254559953627e-15,2.1612688563655732e-30,0.24500457569418083,24.50045756941808,-2.6601365,-0.4900047,2.2274e-15,7.912839493066048e-15,5.685439493066048e-15,3.232422222931512e-29,2.5525004458409124,255.25004458409123,0.46703026,1.415216,4.1522e-21,7.285683454360664e-21,3.1334834543606638e-21,9.818718558752038e-42,0.7546561953568383,75.46561953568383,0.67360264,1.0426943,2.1001e-43,2.599428262097088e-43,4.993282620970882e-44,2.4932871332889835e-87,0.2377640408061941,23.77640408061941,0.10474361,-0.7342915,1.6559e-44,1.0040647487573579e-44,6.518352512426421e-45,4.248891947625583e-89,0.3936440915771738,39.364409157717375,1.0117567,-0.1915107,45.509,23.124339603238813,22.384660396761188,501.07302107832874,0.4918732645578059,49.18732645578059,0.8665441,0.47943828,405.59,321.80593923811,83.78406076188998,7019.768837752072,0.20657329017453582,20.65732901745358
57,-1.6528189,-1.792003,1.0164e-15,9.368905782082926e-16,7.950942179170732e-17,6.321748153651623e-33,0.0782265070756664,7.82265070756664,0.96450263,0.54207337,1.0397e-14,8.236103547224646e-15,2.1608964527753546e-15,4.6694734796171105e-30,0.20783845847603677,20.783845847603676,0.782539,0.5871568,7.2693e-15,6.484561634892155e-15,7.847383651078449e-16,6.158143016721333e-31,0.10795239776977768,10.795239776977768,0.07765097,0.61776435,1.1024e-14,1.5113287229912062e-14,4.089287229912063e-15,1.6722270048721873e-29,0.37094405206023795,37.094405206023794,-2.328514,-1.4557438,7.9127e-22,1.3276835154032779e-21,5.364135154032779e-22,2.877394595073026e-43,0.6779146377384178,67.79146377384177,0.5038905,0.5439113,1.9039e-43,1.9484483396125262e-43,4.454833961252605e-45,1.984554562232958e-89,0.023398466102487553,2.339846610248755,0.19542527,-0.10044763,1.7479e-44,1.4652063627281057e-44,2.826936372718944e-45,7.99156925540134e-90,0.16173330125973706,16.173330125973706,0.9217628,0.73896843,43.262,39.03366457078694,4.228335429213061,17.8788205019384,0.09773786300247471,9.77378630024747,0.77276754,0.6736771,383.48,361.42542917113406,22.054570828865963,486.4040944454655,0.05751165857115355,5.751165857115355
152,0.9885865,1.1895033,4.7689e-15,5.36394477503638e-15,5.950447750363801e-16,3.5407828429809623e-31,0.12477610665696076,12.477610665696076,-0.26172474,-0.3211052,5.2867e-15,5.116359075463184e-15,1.7034092453681574e-16,2.901603057205715e-32,0.03222065268254597,3.2220652682545965,0.6244739,0.6884764,6.6276e-15,6.880309300884496e-15,2.5270930088449633e-16,6.386199075353089e-32,0.03812983597146725,3.812983597146725,-1.5378091,-1.5740234,4.2906e-15,4.200789646161664e-15,8.981035383833577e-17,8.065899656567073e-33,0.0209318868779042,2.09318868779042,0.41791075,0.60136366,4.033e-21,4.496493406142821e-21,4.63493406142821e-22,2.1482613753787406e-43,0.1149252184832187,11.49252184832187,-0.7330995,-0.43381396,9.3148e-44,1.107365141332693e-43,1.7588514133269299e-44,3.093558294162139e-88,0.18882331486740778,18.882331486740778,0.21744445,0.03355911,1.771e-44,1.587086217334711e-44,1.8391378266528894e-45,3.3824279454255133e-90,0.10384742104194745,10.384742104194746,-0.57980746,-0.6992405,18.586,17.378069088837396,1.2079309111626024,1.4590970861421149,0.06499144039398486,6.499144039398486,0.9691702,0.9406947,431.25,423.971657764065,7.278342235934986,52.97426570339508,0.016877315329704313,1.6877315329704312
15,0.74995136,0.57113206,4.1473e-15,3.735216591841462e-15,4.120834081585379e-16,1.6981273527955613e-31,0.09936185184542663,9.936185184542664,1.2534072,0.45391285,1.2193e-14,7.845205798164705e-15,4.3477942018352956e-15,1.8903314421512615e-29,0.3565811696740175,35.658116967401746,0.6781766,0.5918118,6.839e-15,6.502234576106694e-15,3.3676542389330643e-16,1.1341095073003837e-31,0.04924191020519176,4.924191020519176,0.107362844,-0.26988295,1.1217e-14,8.99858815517747e-15,2.21841184482253e-15,4.921351113248902e-30,0.19777229605264598,19.777229605264598,0.9204092,0.8453352,5.433e-21,5.1964342023975295e-21,2.3656579760247056e-22,5.596337659529306e-44,0.043542388662335826,4.354238866233582,0.10280807,-0.14729595,1.51e-43,1.3067835183871475e-43,2.032164816128524e-44,4.1296938399106773e-88,0.13458045139924,13.458045139924,0.9371304,0.8319682,2.7201e-44,2.554774613495286e-44,1.6532538650471376e-45,2.7332483422932992e-90,0.06077915756946942,6.077915756946942,-0.35012624,-0.5226431,21.15,19.19351446867056,1.956485531329438,3.8278356343014335,0.09250522606758572,9.250522606758572,0.5983866,0.5835581,345.52,342.4709146948794,3.0490853051205704,9.296921197902202,0.008824627532763864,0.8824627532763865
43,-1.9876301,-2.4165845,8.3554e-16,6.500427881215624e-16,1.8549721187843753e-16,3.4409215614673944e-32,0.2220087750178777,22.20087750178777,-0.14369772,1.2910653,5.6423e-15,1.2448900091155841e-14,6.806600091155841e-15,4.6329804800922704e-29,1.2063520357222837,120.63520357222836,0.8263704,0.8990487,7.458e-15,7.781745619069894e-15,3.237456190698949e-16,1.048112258669495e-31,0.04340917391658554,4.340917391658554,0.86466527,-0.29294038,1.7458e-14,8.878201664973111e-15,8.579798335026888e-15,7.361293946973016e-29,0.4914536794035335,49.14536794035335,1.2119615,0.14139202,6.4584e-21,3.423061221744189e-21,3.035338778255811e-21,9.21328149878348e-42,0.4699830884206322,46.99830884206322,-0.42161456,-0.85965914,1.1152e-43,8.657818847801112e-44,2.4941811521988875e-44,6.22093961998417e-88,0.2236532597021958,22.36532597021958,-0.19946955,-0.19278032,1.3812e-44,1.386720003196124e-44,5.520003196124202e-47,3.04704352852214e-93,0.0039965270750971634,0.3996527075097163,0.90230715,0.3167997,42.791,30.780738439146283,12.010261560853714,144.24638276012027,0.2806726078113088,28.06726078113088,0.01084148,-0.074456975,243.19,231.10115815785204,12.088841842147957,146.14009708446721,0.04970945286462419,4.9709452864624195
83,1.2273569,1.0145171,5.4841e-15,4.8418225479614736e-15,6.422774520385265e-16,4.1252032539710175e-31,0.11711629110310288,11.71162911031029,-0.8800114,-0.4438039,3.7591e-15,4.7815696269794715e-15,1.0224696269794716e-15,1.0454441380955397e-30,0.2719985174588257,27.19985174588257,1.0842713,0.76131016,8.6718e-15,7.179630675826092e-15,1.492169324173908e-15,2.2265692920056177e-30,0.1720714643065924,17.20714643065924,-1.2550713,-1.3758883,5.0611e-15,4.716232522015285e-15,3.4486747798471527e-16,1.1893357737153807e-31,0.0681408148396031,6.81408148396031,1.29172,1.5859177,6.7712e-21,8.061802538290438e-21,1.290602538290438e-21,1.6656549118417214e-42,0.19060174537606894,19.060174537606894,-1.1024224,-1.2285748,7.5245e-44,6.99543652663896e-44,5.2906347336104074e-45,2.7990815884484867e-89,0.07031211022141547,7.031211022141546,1.1222811,0.6422391,3.0376e-44,2.281504252896556e-44,7.560957471034437e-45,5.716807787879148e-89,0.24891221592818139,24.891221592818138,1.1004614,-0.65565324,47.838,17.809528233916154,30.028471766083847,901.7091166064947,0.6277116887429208,62.77116887429208,1.2936575,0.9363495,523.56,422.87188453635804,100.6881154636419,10138.096595619685,0.19231437746130706,19.231437746130705
29,0.2367294,0.23938663,3.0713e-15,3.0760799313367927e-15,4.7799313367927086e-18,2.284774358445293e-35,0.0015563218626616444,0.15563218626616443,-0.03885146,-0.24763003,5.9782e-15,5.327958514905945e-15,6.502414850940549e-16,4.22813988937322e-31,0.10876877406143236,10.876877406143235,0.29768103,0.19384362,5.4749e-15,5.152399405796961e-15,3.22500594203039e-16,1.040066332613132e-31,0.058905294015057626,5.890529401505763,-0.74379164,-0.83257544,6.8226e-15,6.477786317939698e-15,3.4481368206030225e-16,1.188964753359832e-31,0.050539923498417356,5.053992349841736,0.79044014,0.50325197,5.03e-21,4.242351612204018e-21,7.876483877959825e-22,6.203899827976104e-43,0.1565901367387639,15.659013673876391,0.7266656,0.5950002,2.1655e-43,2.006834889019533e-43,1.5866511098046705e-44,2.5174617442443927e-88,0.0732695040316172,7.326950403161719,1.0815977,1.2127783,2.9648e-44,3.20601319566625e-44,2.4121319566624992e-45,5.818380576352457e-90,0.08135901095057,8.135901095057,0.06661807,-0.95628387,26.739,15.038029319960675,11.700970680039326,136.91271485513997,0.4375994120961639,43.759941209616386,-0.18495476,-0.3300788,216.33,198.3546372978545,17.975362702145503,323.1136642736837,0.08309232516130681,8.309232516130681
144,0.5700262,0.5725433,3.7328e-15,3.738302861415399e-15,5.502861415398758e-18,3.0281483757084427e-35,0.0014741913350296715,0.14741913350296715,-0.43728223,0.21040359,4.7988e-15,6.859232861107814e-15,2.0604328611078144e-15,4.245383575132934e-30,0.42936418711090574,42.936418711090575,1.2408209,0.5836745,9.503e-15,6.471372400229807e-15,3.0316275997701933e-15,9.190765903688384e-30,0.3190179522014304,31.901795220143043,0.990447,0.21845534,1.8789e-14,1.1969043370894584e-14,6.819956629105417e-15,4.6511808422878925e-29,0.3629760300763966,36.29760300763966,0.9939283,1.2894139,5.6751e-21,6.7619465479055516e-21,1.0868465479055517e-21,1.1812354186942146e-42,0.1915114355527747,19.151143555277468,0.21784416,0.13372499,1.6138e-43,1.5372225481716612e-43,7.657745182833873e-45,5.864106128521539e-89,0.047451637023385014,4.745163702338502,0.9789018,0.32904714,2.7887e-44,1.892860645769238e-44,8.958393542307621e-45,8.025281485885888e-89,0.3212390555566257,32.12390555566257,-0.36353788,-0.53517556,20.991,19.058648260176415,1.9323517398235843,3.7339832463992333,0.09205620217348313,9.205620217348313,0.803715,0.21063504,390.64,274.0390049251257,116.60099507487428,13595.792052450855,0.29848708548759545,29.848708548759546
